-- MySQL dump 10.13  Distrib 5.7.25, for Linux (x86_64)
--
-- Host: localhost    Database: homestead
-- ------------------------------------------------------
-- Server version	5.7.25-0ubuntu0.18.04.2

/*!40101 SET @OLD_CHARACTER_SET_CLIENT=@@CHARACTER_SET_CLIENT */;
/*!40101 SET @OLD_CHARACTER_SET_RESULTS=@@CHARACTER_SET_RESULTS */;
/*!40101 SET @OLD_COLLATION_CONNECTION=@@COLLATION_CONNECTION */;
/*!40101 SET NAMES utf8 */;
/*!40103 SET @OLD_TIME_ZONE=@@TIME_ZONE */;
/*!40103 SET TIME_ZONE='+00:00' */;
/*!40014 SET @OLD_UNIQUE_CHECKS=@@UNIQUE_CHECKS, UNIQUE_CHECKS=0 */;
/*!40014 SET @OLD_FOREIGN_KEY_CHECKS=@@FOREIGN_KEY_CHECKS, FOREIGN_KEY_CHECKS=0 */;
/*!40101 SET @OLD_SQL_MODE=@@SQL_MODE, SQL_MODE='NO_AUTO_VALUE_ON_ZERO' */;
/*!40111 SET @OLD_SQL_NOTES=@@SQL_NOTES, SQL_NOTES=0 */;

--
-- Table structure for table `migrations`
--

DROP TABLE IF EXISTS `migrations`;
/*!40101 SET @saved_cs_client     = @@character_set_client */;
/*!40101 SET character_set_client = utf8 */;
CREATE TABLE `migrations` (
  `id` int(10) unsigned NOT NULL AUTO_INCREMENT,
  `migration` varchar(255) COLLATE utf8mb4_unicode_ci NOT NULL,
  `batch` int(11) NOT NULL,
  PRIMARY KEY (`id`)
) ENGINE=InnoDB AUTO_INCREMENT=5 DEFAULT CHARSET=utf8mb4 COLLATE=utf8mb4_unicode_ci;
/*!40101 SET character_set_client = @saved_cs_client */;

--
-- Dumping data for table `migrations`
--

LOCK TABLES `migrations` WRITE;
/*!40000 ALTER TABLE `migrations` DISABLE KEYS */;
INSERT INTO `migrations` VALUES (1,'2014_10_12_000000_create_users_table',1),(2,'2014_10_12_100000_create_password_resets_table',1),(3,'2019_03_09_155104_create_products_table',1),(4,'2019_03_09_155121_create_reviews_table',1);
/*!40000 ALTER TABLE `migrations` ENABLE KEYS */;
UNLOCK TABLES;

--
-- Table structure for table `password_resets`
--

DROP TABLE IF EXISTS `password_resets`;
/*!40101 SET @saved_cs_client     = @@character_set_client */;
/*!40101 SET character_set_client = utf8 */;
CREATE TABLE `password_resets` (
  `email` varchar(255) COLLATE utf8mb4_unicode_ci NOT NULL,
  `token` varchar(255) COLLATE utf8mb4_unicode_ci NOT NULL,
  `created_at` timestamp NULL DEFAULT NULL,
  KEY `password_resets_email_index` (`email`)
) ENGINE=InnoDB DEFAULT CHARSET=utf8mb4 COLLATE=utf8mb4_unicode_ci;
/*!40101 SET character_set_client = @saved_cs_client */;

--
-- Dumping data for table `password_resets`
--

LOCK TABLES `password_resets` WRITE;
/*!40000 ALTER TABLE `password_resets` DISABLE KEYS */;
/*!40000 ALTER TABLE `password_resets` ENABLE KEYS */;
UNLOCK TABLES;

--
-- Table structure for table `products`
--

DROP TABLE IF EXISTS `products`;
/*!40101 SET @saved_cs_client     = @@character_set_client */;
/*!40101 SET character_set_client = utf8 */;
CREATE TABLE `products` (
  `id` char(36) COLLATE utf8mb4_unicode_ci NOT NULL,
  `name` varchar(255) COLLATE utf8mb4_unicode_ci NOT NULL,
  `detail` text COLLATE utf8mb4_unicode_ci NOT NULL,
  `price` int(11) NOT NULL,
  `stock` int(11) NOT NULL,
  `discount` int(11) NOT NULL,
  `created_at` timestamp NULL DEFAULT NULL,
  `updated_at` timestamp NULL DEFAULT NULL
) ENGINE=InnoDB DEFAULT CHARSET=utf8mb4 COLLATE=utf8mb4_unicode_ci;
/*!40101 SET character_set_client = @saved_cs_client */;

--
-- Dumping data for table `products`
--

LOCK TABLES `products` WRITE;
/*!40000 ALTER TABLE `products` DISABLE KEYS */;
INSERT INTO `products` VALUES ('534a2290-75b4-451c-ba88-2dba66997cfd','nobis','Tempore aut sed necessitatibus. Placeat expedita ut voluptate quis voluptas corporis.',569,5,12,'2019-03-09 19:13:25','2019-03-09 19:13:25'),('bc3d44d5-e429-46d4-9d15-b0b0d32e16e8','numquam','Enim adipisci autem adipisci ut non facere quisquam non. Ad voluptatum in quia quam ipsum at nulla aspernatur. Hic sit officiis ut.',989,7,14,'2019-03-09 19:13:25','2019-03-09 19:13:25'),('2b18842b-e773-498b-ad87-28c835a05136','eligendi','Fuga velit est eaque. Nam et vitae minima tempore aperiam eum iusto atque. Blanditiis qui est blanditiis asperiores. Dolorum sint dolorum eum nulla quia.',870,1,10,'2019-03-09 19:13:25','2019-03-09 19:13:25'),('03fbeb4c-6ccd-4d01-a049-bd507f1d2866','nihil','Error distinctio nihil doloremque incidunt in tempora. Ullam modi reprehenderit commodi at qui atque. Natus et placeat quo dolores nostrum fugit.',820,6,15,'2019-03-09 19:13:25','2019-03-09 19:13:25'),('df4c7f7f-e8fc-44dd-8908-0e89b10d43f5','at','Similique sint beatae aut fugiat voluptas. Reprehenderit nemo doloribus veniam cumque et odit quo. Perspiciatis consequatur quia et commodi ullam ratione aperiam doloribus.',697,9,4,'2019-03-09 19:13:25','2019-03-09 19:13:25'),('027b4616-d484-41d8-86c6-d23a96323c07','quo','Vel voluptatem quae dolore. Et sed vel voluptatem ratione enim qui nihil. Quaerat reiciendis voluptas voluptate aut animi quisquam veritatis. Expedita voluptates rerum aspernatur earum est distinctio aut.',387,2,9,'2019-03-09 19:13:25','2019-03-09 19:13:25'),('bb8d2d28-04bb-4853-b516-a4ab0f99eff8','sed','Tenetur sit labore ea nostrum nemo est. Est ut quasi vel ad molestiae est maxime sit. Id autem omnis sit iste atque amet ullam. Explicabo expedita est dolorem quibusdam. Asperiores non ut sed unde eveniet omnis non.',251,4,26,'2019-03-09 19:13:25','2019-03-09 19:13:25'),('882530ba-85b4-48ed-8b9d-08f683f83e3f','quo','Quas voluptate dicta asperiores occaecati. Molestias iusto illo inventore consequatur sapiente minima. Excepturi non impedit inventore harum. Sed voluptates minus quis quis nemo et. Cum consequatur tempora occaecati aut.',957,8,9,'2019-03-09 19:13:25','2019-03-09 19:13:25'),('4bf0d1fa-1946-4bdc-85be-2a67c34bf2b1','officiis','Qui consectetur temporibus dignissimos ea nostrum rem. Aliquam blanditiis qui eum a incidunt magni ut nihil. Asperiores doloribus dicta magni qui voluptates voluptas similique expedita.',202,2,5,'2019-03-09 19:13:25','2019-03-09 19:13:25'),('b8d7bcc7-4530-41fc-a02e-96da953d2ae4','omnis','Ut rerum amet omnis at error. Aut tempore rerum ut doloribus maxime. Hic et iusto veritatis alias cum nemo ex.',828,8,16,'2019-03-09 19:13:25','2019-03-09 19:13:25'),('a912556c-063f-43b5-871f-7840cc08b1f7','et','Non et est voluptatum rerum aspernatur excepturi dolor non. Aliquam sunt nulla earum. Pariatur rerum aut aut quis quo perferendis molestiae.',262,7,25,'2019-03-09 19:13:25','2019-03-09 19:13:25'),('261efce7-4097-497f-b7cd-fdaa4a65272a','ex','Pariatur quasi laboriosam nihil autem enim. Totam repellendus sunt sed sed. Qui voluptatem omnis atque dolorem.',783,1,12,'2019-03-09 19:13:25','2019-03-09 19:13:25'),('d34c33d8-b778-457d-b6f3-2030de75db08','laboriosam','Consequatur corporis quod cumque consequatur earum voluptatibus. Ut occaecati aut repellendus eum voluptatibus numquam. Nihil dolore sed laudantium similique et. Exercitationem accusamus provident et est inventore sunt. Modi sint consequatur illum qui aut ullam.',442,6,27,'2019-03-09 19:13:25','2019-03-09 19:13:25'),('71eea880-18b6-453b-bb27-dd58d08df130','recusandae','Nobis neque consequatur aspernatur nisi voluptas sed. Quia odit odio perspiciatis assumenda iure. Modi voluptates dolorum voluptatem numquam maiores eveniet.',178,0,15,'2019-03-09 19:13:25','2019-03-09 19:13:25'),('cc6685e3-1a32-46ce-a2bd-23a540646c1c','officia','Omnis sequi et et incidunt. Reprehenderit et qui dolor quia. Cum ut iure autem rerum rerum.',896,1,19,'2019-03-09 19:13:25','2019-03-09 19:13:25'),('6ee0efe1-ef45-4028-8ea1-949ca255820e','minima','Iste at molestias porro voluptate commodi amet. Molestias nulla cumque ipsa ut earum reiciendis. Laudantium sunt corporis reiciendis. Temporibus dolorem facere et ad illo ullam facere. Eum facilis deserunt voluptates dicta.',738,3,29,'2019-03-09 19:13:25','2019-03-09 19:13:25'),('34bcceac-1081-4708-99a3-8638ca3ddd92','perspiciatis','Natus fugit facilis eveniet reprehenderit. Ut dolor officia consequuntur autem quidem. Magnam dignissimos minima saepe minus sapiente dolor minus.',736,6,25,'2019-03-09 19:13:25','2019-03-09 19:13:25'),('daf55c10-78fb-4ae8-8a15-0d652f81f963','nisi','Corrupti dolorem tenetur voluptas accusantium. Impedit doloremque numquam sit incidunt voluptas velit. Ipsa ut quia quo. Aut molestiae eos odio velit odit.',413,5,24,'2019-03-09 19:13:25','2019-03-09 19:13:25'),('87ebc5f6-67bc-4170-a113-b38763fe0616','et','Quisquam consequatur numquam dolore repellendus. Qui perferendis nulla aut non ut. Nam quia sit nulla ex delectus.',436,7,24,'2019-03-09 19:13:25','2019-03-09 19:13:25'),('baba22e1-c1a1-418a-8418-54c09a08082e','quos','Quis asperiores molestiae aut esse ut sequi sed. Quia aperiam magnam eligendi vel enim. Qui animi necessitatibus amet et quasi.',813,8,16,'2019-03-09 19:13:25','2019-03-09 19:13:25'),('013b627a-f9cf-433c-9dbd-eb2499d7b14a','quis','In ipsa et ea eius. Et consequuntur a assumenda quos ratione qui voluptas. Enim vitae quia sed vel voluptas. Excepturi veritatis fugit sint et voluptatem ut. Nulla rerum modi rerum voluptatem et expedita.',833,3,19,'2019-03-09 19:13:25','2019-03-09 19:13:25'),('e97e5306-7b68-4efb-9112-8cc86d0fd466','non','Quo cumque iure architecto sapiente blanditiis. Est aperiam earum consequatur. Quae et error neque velit est sed. A nulla dicta quasi provident rerum sint.',431,9,13,'2019-03-09 19:13:25','2019-03-09 19:13:25'),('3705ec2f-29e8-4d64-aba8-62ebe612b098','deleniti','Ut ipsum esse quia officia. Rerum reprehenderit ad quas. Minima reprehenderit neque iusto enim.',974,5,16,'2019-03-09 19:13:25','2019-03-09 19:13:25'),('e82a303b-82c2-4088-b58a-2133fc60f96a','beatae','Soluta cupiditate cupiditate temporibus vel quibusdam. Vitae ut molestias hic. Quis labore et tenetur cumque aut laborum accusamus et. Enim qui et iste harum et.',876,0,2,'2019-03-09 19:13:25','2019-03-09 19:13:25'),('99b5c067-b2b9-4693-9a5f-08ef9b7a6fdb','ut','Et est dolorem amet magni. Quis blanditiis veniam eius ea. Labore id voluptatum nemo et eius. Sed aut nostrum facere dolores nemo quo non dolor.',768,4,22,'2019-03-09 19:13:25','2019-03-09 19:13:25'),('39b39385-1379-4175-bb81-2202962a9ff9','possimus','Molestiae dicta dolorem excepturi ab dolor illo saepe. Ducimus quis debitis quod. Vero molestiae et alias facere.',850,2,6,'2019-03-09 19:13:25','2019-03-09 19:13:25'),('ea086575-4a20-4426-b552-d80704ab3754','quis','Qui sunt quia et qui culpa ut. Necessitatibus est aut velit dolorem beatae.',525,4,13,'2019-03-09 19:13:25','2019-03-09 19:13:25'),('64f7f5ec-c0ac-475c-8337-f8edd76866f2','recusandae','Vitae consequatur ut provident. Possimus rerum vel ut repellat earum numquam quis.',612,6,11,'2019-03-09 19:13:25','2019-03-09 19:13:25'),('c257aad2-cd3a-4626-a49a-6f1507c53ca9','culpa','Ut eos a illo deserunt aspernatur dolorem aspernatur. Ratione natus laborum qui dolores tenetur repudiandae velit. Mollitia et animi dolore est sapiente delectus. Modi sit eligendi officiis optio quaerat. Modi non est assumenda molestias libero ut rerum.',416,7,14,'2019-03-09 19:13:25','2019-03-09 19:13:25'),('ad9c9da0-a852-4af0-a467-a4428bf0acb8','impedit','Quam eos perspiciatis et tempora et qui. Non facere fugiat iure at magnam molestiae animi. Sequi quos repudiandae et et maxime nam. Ut veritatis dolorem dolores nulla et omnis suscipit officiis.',986,1,6,'2019-03-09 19:13:25','2019-03-09 19:13:25'),('89caeace-ba40-4d73-8ac3-afe8126ae312','repudiandae','Perferendis aliquam amet debitis tempore et. Tenetur et harum sit repellat assumenda rerum quae. Ut earum suscipit fugiat sed atque voluptates ut.',663,0,22,'2019-03-09 19:13:25','2019-03-09 19:13:25'),('3cda0723-d47d-4cd4-b1df-9098a74b0b7d','harum','Et quasi voluptatem ut. Voluptas fugit atque et odio vitae. Neque accusantium alias sit ut inventore dicta quia. Maxime quibusdam aliquid molestiae quia.',395,5,24,'2019-03-09 19:13:25','2019-03-09 19:13:25'),('6a15fcfc-2147-4f71-80e5-d6d4c3f35512','numquam','Dolores eos voluptatum architecto quibusdam dolore. Quam et quis quisquam est ad harum ut. Doloribus hic ut cumque ducimus rerum nisi. Alias blanditiis sit occaecati amet.',483,2,29,'2019-03-09 19:13:25','2019-03-09 19:13:25'),('91f6620b-7623-49a9-b359-ba9eb6c8b47a','dolore','Possimus iusto ex autem et voluptatem molestias. Rerum quibusdam pariatur fugit dolorem non quidem aut. Expedita porro nisi inventore vitae molestiae possimus iusto. Debitis enim nisi et minus.',755,4,25,'2019-03-09 19:13:25','2019-03-09 19:13:25'),('5e5872fe-fee5-4ea6-9861-4f16920df816','tenetur','Asperiores repudiandae sunt quam explicabo quibusdam sed velit quia. Omnis placeat ut maiores quas voluptatum repellendus nisi. Sequi facere maiores aut voluptatem est. Ipsam quod cumque eos doloribus unde minus vel.',902,4,11,'2019-03-09 19:13:25','2019-03-09 19:13:25'),('0a37f7d7-c359-4d51-beb0-6af905c9d8d4','quia','Porro recusandae explicabo repudiandae ipsum. Dignissimos autem quos amet officia officia. Sint voluptas quisquam et autem iusto. Unde qui ea cumque labore. Laudantium consequatur possimus sit in consequatur enim.',896,2,23,'2019-03-09 19:13:25','2019-03-09 19:13:25'),('fd136566-fb8d-424a-acc2-0146174cd210','laboriosam','Nobis laborum dolor facilis necessitatibus nostrum. Omnis quos velit ut assumenda.',150,7,3,'2019-03-09 19:13:25','2019-03-09 19:13:25'),('c9cbc831-3cc5-49ad-b5ea-77eaedcdf9a5','corporis','Et quae molestiae earum est facilis. Ullam rerum culpa perferendis a.',412,0,14,'2019-03-09 19:13:25','2019-03-09 19:13:25'),('52b2cd1f-38a3-44bf-bd9e-a16948cd4e29','ex','Enim eveniet aut eos expedita beatae. Excepturi accusantium voluptatem voluptatem. Et dolore illum repudiandae dolor quibusdam quisquam.',920,3,21,'2019-03-09 19:13:25','2019-03-09 19:13:25'),('41458fda-d2b1-42d8-883b-604dee20f3a6','esse','Nesciunt quasi consequatur labore minima voluptatum perferendis aut. Voluptas cumque explicabo rem fugiat aliquam ipsam. Delectus consequatur est et dolores aspernatur laboriosam. Ducimus voluptas soluta fugiat autem doloribus at ea.',730,6,6,'2019-03-09 19:13:25','2019-03-09 19:13:25'),('357fc132-7c55-4f24-9020-cecc85190221','ut','Aut aut et a sit et sint. Sequi quaerat est corporis ea doloribus ipsam autem. Rem fugit odit labore et molestiae quia. Explicabo qui amet et sunt sequi ea doloribus et.',147,5,30,'2019-03-09 19:13:25','2019-03-09 19:13:25'),('af700341-bac1-41f1-94c6-dd284ef89e82','repellat','Quia omnis vel delectus vitae molestias. Laudantium tempora consequatur quia facere. Impedit ut voluptates necessitatibus sapiente commodi et aspernatur. Error et iure officiis exercitationem rerum aut nisi.',720,0,8,'2019-03-09 19:13:25','2019-03-09 19:13:25'),('91579773-9c60-4bf1-9b4d-0172c5bfef16','sunt','Non iusto maiores provident temporibus adipisci labore ut. Impedit asperiores eveniet illo. Ut animi totam ea facilis fuga. Modi magni quod veniam dignissimos dolorem id dolores.',433,7,7,'2019-03-09 19:13:25','2019-03-09 19:13:25'),('0166baa2-8558-4be5-b375-3c53d983a704','voluptatibus','Dolores illo ullam earum et ipsa sit in in. Voluptate quia et ab similique cumque quas. Dolorum non et qui ipsam quidem sint. Non cum quaerat dolor velit occaecati officiis explicabo.',451,2,19,'2019-03-09 19:13:25','2019-03-09 19:13:25'),('64fdabb5-6d95-40ac-8962-c4bf83712532','itaque','Quo omnis iste officiis quia necessitatibus. Consequuntur veritatis ea debitis voluptatum quos dolor molestias. Consequatur repudiandae vero est ipsam sint. Debitis rerum perferendis ut ex. Numquam nostrum est repellendus molestias.',491,3,12,'2019-03-09 19:13:25','2019-03-09 19:13:25'),('42ae5fb0-6eae-478f-8d8e-6ac4e0b14ca0','qui','Autem nisi omnis excepturi ex. Ratione distinctio et voluptatem. Ut et suscipit quas voluptates voluptas rem aut.',919,2,8,'2019-03-09 19:13:25','2019-03-09 19:13:25'),('344ee10a-fc79-4427-b16d-894db7f04470','autem','Et sit commodi non nisi animi. Autem nihil rerum officiis dolorem sunt pariatur. Nemo nihil voluptate accusantium rem fugiat. Nihil sit natus maxime nam amet repellendus eaque incidunt.',543,0,20,'2019-03-09 19:13:25','2019-03-09 19:13:25'),('29046565-ad5c-410f-9fe3-9b0191888b1e','qui','Quasi ducimus sed incidunt quia. Perspiciatis possimus nobis facilis dolores omnis praesentium nam. Illo sunt quo sequi et tempora itaque. Nam voluptas blanditiis nam quas est quia. Nemo numquam dolore magnam consequatur exercitationem.',606,2,18,'2019-03-09 19:13:25','2019-03-09 19:13:25'),('9010102a-c57c-4f47-b783-634dad582114','pariatur','Vel excepturi reprehenderit hic deleniti quia non sapiente. Sint vitae voluptas ipsa sit maxime et. Ipsam officia atque quia ea.',529,6,5,'2019-03-09 19:13:25','2019-03-09 19:13:25'),('0c8934c2-f683-4694-999b-5f4b1382a24f','autem','Dolores quis maxime sit. Maiores eaque repellendus magnam ipsam officiis nisi amet. Quaerat quasi temporibus consectetur doloremque perferendis consequuntur. Molestias vero incidunt est quam aspernatur quia.',910,2,28,'2019-03-09 19:13:25','2019-03-09 19:13:25');
/*!40000 ALTER TABLE `products` ENABLE KEYS */;
UNLOCK TABLES;

--
-- Table structure for table `reviews`
--

DROP TABLE IF EXISTS `reviews`;
/*!40101 SET @saved_cs_client     = @@character_set_client */;
/*!40101 SET character_set_client = utf8 */;
CREATE TABLE `reviews` (
  `id` char(36) COLLATE utf8mb4_unicode_ci NOT NULL,
  `product_id` char(36) COLLATE utf8mb4_unicode_ci NOT NULL,
  `customer` varchar(255) COLLATE utf8mb4_unicode_ci NOT NULL,
  `review` text COLLATE utf8mb4_unicode_ci NOT NULL,
  `star` int(11) NOT NULL,
  `created_at` timestamp NULL DEFAULT NULL,
  `updated_at` timestamp NULL DEFAULT NULL
) ENGINE=InnoDB DEFAULT CHARSET=utf8mb4 COLLATE=utf8mb4_unicode_ci;
/*!40101 SET character_set_client = @saved_cs_client */;

--
-- Dumping data for table `reviews`
--

LOCK TABLES `reviews` WRITE;
/*!40000 ALTER TABLE `reviews` DISABLE KEYS */;
INSERT INTO `reviews` VALUES ('946477cb-2782-4da7-a090-c20988fa4c63','0a37f7d7-c359-4d51-beb0-6af905c9d8d4','Prof. Dejuan Donnelly','Autem sed porro fugiat. Est ipsam magni voluptatibus cum illo. Fuga occaecati earum voluptatem iusto atque nam maiores.',3,'2019-03-09 19:13:26','2019-03-09 19:13:26'),('0be72655-8c3f-4daa-8a25-1282d5de5d49','ea086575-4a20-4426-b552-d80704ab3754','Lavina Mayert DDS','Error nulla nihil neque. Facere nihil eaque voluptates neque ea. Eos incidunt quos molestiae ea ut. Praesentium aspernatur et ad corrupti qui dolorem quia.',2,'2019-03-09 19:13:26','2019-03-09 19:13:26'),('c5cb5eff-a4d4-4cdc-bf09-d0b173151ff9','a912556c-063f-43b5-871f-7840cc08b1f7','Ms. Zola Hamill DVM','Temporibus consequuntur quibusdam maxime amet. Molestias natus distinctio reprehenderit repudiandae ea. Dolor necessitatibus aliquam repellat vel nostrum autem.',5,'2019-03-09 19:13:26','2019-03-09 19:13:26'),('433c016c-eac3-48a9-b72c-095006adb2b2','99b5c067-b2b9-4693-9a5f-08ef9b7a6fdb','Reuben Koepp','Aspernatur odio architecto et vel. Sed omnis iste ratione possimus voluptates omnis. Commodi dicta non tenetur odit excepturi dolorem veritatis.',0,'2019-03-09 19:13:26','2019-03-09 19:13:26'),('106756a6-0e4a-4506-8e1b-5e33494de73d','42ae5fb0-6eae-478f-8d8e-6ac4e0b14ca0','Dr. Rupert Reinger','Ipsam asperiores quia est assumenda in odit aut. Molestias omnis voluptatem iure illum provident eligendi nulla. Non aperiam ducimus necessitatibus quae nulla omnis qui. Aut neque omnis assumenda magni excepturi ipsam voluptatem et.',4,'2019-03-09 19:13:26','2019-03-09 19:13:26'),('7493e8ef-2250-4966-8eb8-5bb898b0177d','87ebc5f6-67bc-4170-a113-b38763fe0616','Alivia Hudson DDS','Qui tempore asperiores fuga molestiae ducimus nisi est. Atque itaque dolorem facilis et tempore et. Et quia omnis dolorem quidem deleniti incidunt. Vel iste tempore rem quae dignissimos dolorem ipsam.',3,'2019-03-09 19:13:26','2019-03-09 19:13:26'),('ff85e4b5-c395-45ff-9d78-11ff401f97fb','42ae5fb0-6eae-478f-8d8e-6ac4e0b14ca0','Elenora Boyle','Cupiditate consequuntur occaecati est quo et et temporibus. Omnis et perspiciatis cum eveniet consequatur deserunt. Consequuntur in qui quibusdam voluptatem illo eaque eum officiis. Illum iusto quasi et.',3,'2019-03-09 19:13:26','2019-03-09 19:13:26'),('9b12e03f-fa78-411f-90c4-d558a898dbe9','3cda0723-d47d-4cd4-b1df-9098a74b0b7d','Naomie Yundt DVM','Iusto aliquid eligendi illo animi. Et et amet dolore. Beatae non dolor aut provident animi quia sit. Delectus voluptates impedit est corrupti adipisci rerum.',0,'2019-03-09 19:13:26','2019-03-09 19:13:26'),('7295a084-f4b8-4e3a-9f7f-7b5fa7146c09','b8d7bcc7-4530-41fc-a02e-96da953d2ae4','Bette Wuckert','Qui quibusdam corrupti sed. Ex ad inventore veniam debitis.',0,'2019-03-09 19:13:26','2019-03-09 19:13:26'),('0a31269f-766d-4bd6-b4a5-ecb6185d39d1','0166baa2-8558-4be5-b375-3c53d983a704','Elizabeth Waelchi III','Non ut voluptatibus ab eos rerum enim. Asperiores cumque facilis dolores sapiente voluptates quia est. Illo enim omnis ea laborum aut.',4,'2019-03-09 19:13:26','2019-03-09 19:13:26'),('d6ed8dd7-c198-4adb-9f45-5999d51c783c','357fc132-7c55-4f24-9020-cecc85190221','Marcelle Stokes','Tempore earum et porro. Provident minus et laboriosam eaque sapiente repellat magnam occaecati. Dolor ab quas fugiat aut.',4,'2019-03-09 19:13:26','2019-03-09 19:13:26'),('294c9492-f1cf-46e8-94f1-fab8d50dac69','e82a303b-82c2-4088-b58a-2133fc60f96a','Mrs. Frederique Schimmel IV','Voluptatem voluptas distinctio eum dolores soluta et ea. Qui ut placeat exercitationem totam doloremque. Illum amet repudiandae aut voluptate neque. Nisi est consequatur vitae doloribus ullam. Est qui qui voluptas consequatur.',5,'2019-03-09 19:13:26','2019-03-09 19:13:26'),('adff08c6-dd84-4261-b682-8b5c40d260de','64f7f5ec-c0ac-475c-8337-f8edd76866f2','Lenora Powlowski','Earum cum quibusdam odit. Repudiandae ratione sed atque et consectetur. Itaque qui aut alias laudantium distinctio architecto laboriosam cum. Nobis dolore accusamus ut pariatur architecto. Officiis qui delectus ipsum itaque eos.',2,'2019-03-09 19:13:26','2019-03-09 19:13:26'),('c29c64ea-3580-402c-a1db-a3c279be55e3','64f7f5ec-c0ac-475c-8337-f8edd76866f2','Mr. Maynard Rath','Consectetur laborum labore quia velit fugiat quasi. Harum velit sapiente consequuntur suscipit hic iste. Adipisci nobis eum incidunt rerum qui.',5,'2019-03-09 19:13:26','2019-03-09 19:13:26'),('1f93ad30-638f-4d8e-a8eb-3968ab6bd94c','882530ba-85b4-48ed-8b9d-08f683f83e3f','Dr. Claudie Cormier I','Dolor vero voluptatem vel error minus voluptatum natus ipsa. Iure voluptas qui qui voluptates facilis deleniti quibusdam. Et vel id id est ratione corrupti.',4,'2019-03-09 19:13:26','2019-03-09 19:13:26'),('45c619e8-c912-4c2d-b14f-28cae86c05ff','af700341-bac1-41f1-94c6-dd284ef89e82','Jaeden Breitenberg DVM','Fuga est labore dolore dolore vero. Necessitatibus corrupti nihil mollitia mollitia. Et consequuntur voluptatem modi culpa qui. Quis vitae rerum voluptatem dignissimos eligendi non reprehenderit.',5,'2019-03-09 19:13:26','2019-03-09 19:13:26'),('08743236-f0dc-48e4-8b36-ff98b9194719','6ee0efe1-ef45-4028-8ea1-949ca255820e','Arjun Wiza','Rerum corporis hic eum. Hic itaque ut molestias velit nihil qui occaecati. Nam aut expedita voluptatibus et nulla veniam earum. Delectus iste est nisi dolores et aperiam voluptate ut.',1,'2019-03-09 19:13:26','2019-03-09 19:13:26'),('2d49283a-f419-43a6-8552-104ecf2caaa6','fd136566-fb8d-424a-acc2-0146174cd210','Destinee Quitzon','Amet est nam sit ut porro eaque fugit. In libero autem amet eos nemo voluptatum. Sunt accusamus et hic qui eaque quia et. Labore eum aut eos pariatur nesciunt qui.',1,'2019-03-09 19:13:26','2019-03-09 19:13:26'),('3f69ee3e-edd0-4e18-aea6-71e24e8eff4a','0c8934c2-f683-4694-999b-5f4b1382a24f','Herminio Runolfsdottir','Ullam quia alias eius quia qui maiores et. Est aut amet dolores enim maxime quisquam. Repudiandae maiores ducimus sit error rem.',1,'2019-03-09 19:13:26','2019-03-09 19:13:26'),('eb46ae6e-2de5-46c3-9646-6ddf3757f04b','64fdabb5-6d95-40ac-8962-c4bf83712532','Mrs. Alayna Kreiger','Consectetur unde sit consequuntur et. Qui nisi dolores id repudiandae neque unde. Nam repellendus minus ullam ut unde vel. Molestias nostrum rerum veritatis earum repellat.',2,'2019-03-09 19:13:26','2019-03-09 19:13:26'),('b1d352d3-942b-4014-a920-0dc97e01b1b5','0c8934c2-f683-4694-999b-5f4b1382a24f','Ms. Janelle Mills','Vitae officiis porro tempore et doloremque sequi ratione. Quisquam laboriosam autem aut saepe. Quis pariatur rerum culpa ut et aut velit.',0,'2019-03-09 19:13:26','2019-03-09 19:13:26'),('fe10408d-cb64-4e18-877b-ec24d6466ad0','87ebc5f6-67bc-4170-a113-b38763fe0616','Dr. Catherine Wiegand','Laudantium in esse necessitatibus. Sunt dicta eius sint neque perspiciatis atque tempora. Soluta sed in dolor recusandae ut.',4,'2019-03-09 19:13:26','2019-03-09 19:13:26'),('d84193fa-d160-4b4f-ab6d-6a137ef96a5d','9010102a-c57c-4f47-b783-634dad582114','Dr. Zachariah O\'Connell','Et facilis mollitia corporis rerum similique quia. Rerum cumque explicabo qui rerum tempora. In qui labore rem voluptatem. Iste consectetur aut doloribus atque aut.',2,'2019-03-09 19:13:26','2019-03-09 19:13:26'),('cdc554a6-6734-4daf-8ffe-82675932f661','29046565-ad5c-410f-9fe3-9b0191888b1e','Serenity Grady','Eaque quia et natus veniam aut. Corrupti aut maiores itaque dolor aut iusto. Non commodi suscipit pariatur illo officiis enim.',2,'2019-03-09 19:13:26','2019-03-09 19:13:26'),('40ee5f59-cfbd-4766-9d5b-3a7655d9c8df','882530ba-85b4-48ed-8b9d-08f683f83e3f','Joseph Tillman','Deleniti quidem odio nam facilis. Ullam consequuntur velit dolor consequatur. Reiciendis vel fuga vitae ut reprehenderit fugiat nihil.',1,'2019-03-09 19:13:26','2019-03-09 19:13:26'),('561c5998-97d2-4e28-94d8-5209517d018e','87ebc5f6-67bc-4170-a113-b38763fe0616','Marcelle Graham','Cumque consequatur eius odio ut. Ipsam magnam odio adipisci et sint aut corporis qui. Vero tempora rerum ut laboriosam ut. Eos non qui vel nemo quia id.',2,'2019-03-09 19:13:26','2019-03-09 19:13:26'),('920dc3a5-e66b-45bf-a702-3ddc2e994343','344ee10a-fc79-4427-b16d-894db7f04470','Rosamond Pouros','Incidunt omnis nobis neque perspiciatis et velit tenetur. Nihil accusantium dolores omnis nemo. Nisi molestiae voluptates laudantium sit recusandae qui. Temporibus et dolor ipsa vitae voluptatem.',5,'2019-03-09 19:13:26','2019-03-09 19:13:26'),('3b75b52b-7f20-400c-923f-7c8d71d5d575','87ebc5f6-67bc-4170-a113-b38763fe0616','Dale Dicki','Possimus sed in voluptatem. Distinctio saepe et debitis ut fuga. Modi maxime sint quia culpa et. Vero rerum beatae eligendi asperiores deserunt voluptas saepe veniam.',3,'2019-03-09 19:13:26','2019-03-09 19:13:26'),('91f38751-09f5-4987-a55c-6946ada680b6','91f6620b-7623-49a9-b359-ba9eb6c8b47a','Carter Emmerich','Odio ex praesentium qui id. Natus aut qui aut. Minus eius harum aut quis adipisci.',5,'2019-03-09 19:13:26','2019-03-09 19:13:26'),('0b81e7da-46a2-4c0f-bc0f-2497273e7e86','87ebc5f6-67bc-4170-a113-b38763fe0616','Ima Streich','Officiis et iste recusandae quia labore beatae ut. Rerum molestiae et ratione doloribus voluptatem unde asperiores. Magni ea ut laborum est quia est.',0,'2019-03-09 19:13:26','2019-03-09 19:13:26'),('9d13c57e-f8dc-4d4c-b24d-d6e4c8c307ce','0a37f7d7-c359-4d51-beb0-6af905c9d8d4','Mrs. Winifred Marvin Jr.','Commodi deleniti soluta soluta magni ullam. Iure voluptatem minus impedit voluptas nam fugit quia.',3,'2019-03-09 19:13:26','2019-03-09 19:13:26'),('999b490a-6fd0-44aa-ba35-f168a5fca7c9','261efce7-4097-497f-b7cd-fdaa4a65272a','Mrs. Lyda Gaylord','Iusto earum at voluptas facilis quia. Aut placeat ullam quas ea. Adipisci velit et repellat repudiandae quidem.',2,'2019-03-09 19:13:26','2019-03-09 19:13:26'),('df4f8a84-e2e1-4618-bd11-082e0ec6dabe','29046565-ad5c-410f-9fe3-9b0191888b1e','Lorena Davis III','Aut atque odio beatae impedit dolorem. Praesentium quia dolores quia quidem quo enim ratione. Non cumque non illo beatae est numquam error.',1,'2019-03-09 19:13:26','2019-03-09 19:13:26'),('8938310d-4ce8-4a44-8d29-e1c2f4e5c682','344ee10a-fc79-4427-b16d-894db7f04470','Dr. Seth Beier','Facilis animi enim harum beatae debitis nostrum et. Nam exercitationem aut dolor. Et libero saepe optio consequatur veniam dolore a. Eligendi vitae quidem est aut rem.',3,'2019-03-09 19:13:26','2019-03-09 19:13:26'),('0b597916-9b7a-4156-b161-54f02128e2d9','99b5c067-b2b9-4693-9a5f-08ef9b7a6fdb','Prof. Gianni Hartmann','Omnis dicta natus commodi esse exercitationem. Voluptatum eius quas impedit quasi mollitia quae. Consequatur ut mollitia autem voluptatem reprehenderit.',2,'2019-03-09 19:13:26','2019-03-09 19:13:26'),('8f818524-7c7a-4cc7-b910-a81183df14a1','357fc132-7c55-4f24-9020-cecc85190221','Jackeline Bradtke','Ut necessitatibus labore architecto perspiciatis autem molestias sapiente. Qui non rerum cumque repellat. Voluptate assumenda dolorum quaerat sit harum suscipit. Natus non vero voluptatibus voluptas quia qui ullam.',2,'2019-03-09 19:13:26','2019-03-09 19:13:26'),('12d0d631-ccae-418d-8bdf-8bceb44b9f39','c257aad2-cd3a-4626-a49a-6f1507c53ca9','Vance Shields','Exercitationem ut commodi a culpa eius. Dolorem voluptatem labore tempora dolorum eius magni aspernatur. Cupiditate quod quae facere perspiciatis reiciendis. Ipsam omnis quo voluptatem molestiae eaque laboriosam laudantium.',0,'2019-03-09 19:13:26','2019-03-09 19:13:26'),('9298226f-4713-4e45-a305-eb8264a14cc4','b8d7bcc7-4530-41fc-a02e-96da953d2ae4','Miss Hellen Flatley','Ut officiis commodi autem quaerat eveniet adipisci. Quisquam id voluptatem inventore rem expedita alias et explicabo. Sunt modi at illo architecto veniam aliquid soluta. Repellendus incidunt aut id aut repudiandae nam.',1,'2019-03-09 19:13:26','2019-03-09 19:13:26'),('bfab8af6-c1c2-47d3-85b5-b0234c5a9dda','357fc132-7c55-4f24-9020-cecc85190221','Samir Robel','Accusantium accusamus hic vel facere distinctio consequatur aut. Est omnis explicabo deserunt numquam omnis. Accusantium laudantium culpa aliquam perspiciatis. Ut quis eius exercitationem at non.',5,'2019-03-09 19:13:26','2019-03-09 19:13:26'),('2e8a3e0f-9314-4e44-a6f4-320e9ea51f7b','ea086575-4a20-4426-b552-d80704ab3754','Dee Hahn','Et officiis alias voluptas voluptas. Sunt amet quis ipsa mollitia. Voluptas eveniet non doloremque qui quam. Enim dolor occaecati quibusdam hic.',4,'2019-03-09 19:13:26','2019-03-09 19:13:26'),('249615f4-fafe-4c18-896f-1c83570c92ba','91f6620b-7623-49a9-b359-ba9eb6c8b47a','Arnold Moore','Eligendi nihil nobis eius dolore inventore sed. Et quo est earum pariatur atque quasi. Ducimus id et optio enim ex nulla laboriosam molestiae.',5,'2019-03-09 19:13:26','2019-03-09 19:13:26'),('acddc387-291b-4120-ba41-c1d889b9029c','a912556c-063f-43b5-871f-7840cc08b1f7','Mathilde Grant','A quasi velit praesentium cumque. Cum totam vel voluptatem sed consequatur.',4,'2019-03-09 19:13:26','2019-03-09 19:13:26'),('56efdeb2-8bd9-47b0-909d-c82529d4c9c0','013b627a-f9cf-433c-9dbd-eb2499d7b14a','Dr. Garry Durgan','Velit officia occaecati quod non dolores. Veniam amet laudantium aliquam qui maiores earum amet. Et quae rerum suscipit dolorum.',3,'2019-03-09 19:13:26','2019-03-09 19:13:26'),('769ae7ea-b9f9-4843-9fbc-fda702fb3f59','a912556c-063f-43b5-871f-7840cc08b1f7','Rusty Price MD','Cupiditate culpa necessitatibus aut qui sunt. Nihil illo sed soluta.',3,'2019-03-09 19:13:26','2019-03-09 19:13:26'),('9fcb9c12-5ab0-4887-90bb-a37004965ae9','0c8934c2-f683-4694-999b-5f4b1382a24f','Lera Yost IV','Sed ut et amet ut occaecati ut. Possimus nihil occaecati ut ut rem. Sit laudantium unde natus enim. Ullam sed sit vel reprehenderit quia aliquid.',2,'2019-03-09 19:13:26','2019-03-09 19:13:26'),('777ed13f-9686-48b9-91c6-c017a4253a3b','39b39385-1379-4175-bb81-2202962a9ff9','Jonatan Littel','Doloremque sed assumenda velit suscipit vel quia. Esse ut aut deleniti omnis modi dignissimos dolor nesciunt. Placeat iste fugit incidunt commodi est voluptatibus. Ipsam omnis voluptatem rerum velit laboriosam.',3,'2019-03-09 19:13:26','2019-03-09 19:13:26'),('71ee9488-f96f-456d-b41b-c7e5566b795f','e82a303b-82c2-4088-b58a-2133fc60f96a','Dr. Horacio Raynor','Dolorem dolor ut est tempore cupiditate voluptas. Eos ab doloremque eius ullam et sed modi. Nemo id molestiae adipisci. Blanditiis quae vel vel nemo adipisci blanditiis praesentium.',3,'2019-03-09 19:13:26','2019-03-09 19:13:26'),('71fe6e7a-034b-475b-82d6-5399940c592e','df4c7f7f-e8fc-44dd-8908-0e89b10d43f5','Ken Prosacco','Sint et animi temporibus. Harum et et sit est. Quidem at ad et maiores. Eaque error delectus officiis perferendis et.',3,'2019-03-09 19:13:26','2019-03-09 19:13:26'),('3c21a2fd-8445-4acf-a981-dc3d85325f03','71eea880-18b6-453b-bb27-dd58d08df130','Zola Fadel','Amet quia quidem animi voluptatem aut. Qui dignissimos praesentium similique ad. Nesciunt omnis distinctio qui magni. Tenetur quisquam pariatur ratione facere dolorem.',2,'2019-03-09 19:13:26','2019-03-09 19:13:26'),('8b7a2b26-5ebb-4b73-bca3-95b9e5e7db5a','fd136566-fb8d-424a-acc2-0146174cd210','Brandyn O\'Reilly','Corrupti blanditiis error expedita eum ut debitis rem. Quo nostrum sapiente possimus quo. Nihil sit hic nihil est sequi.',5,'2019-03-09 19:13:26','2019-03-09 19:13:26'),('9d363899-751c-47ae-abf5-14e54da95e38','bc3d44d5-e429-46d4-9d15-b0b0d32e16e8','Prof. Jerald Leuschke','Vel magni doloribus quia suscipit ducimus dolorem ad. Eius est harum perspiciatis sit provident pariatur. Ut deleniti sunt est sapiente sit natus veritatis voluptates. Aut minus doloribus sed non aut quae sit.',4,'2019-03-09 19:13:26','2019-03-09 19:13:26'),('eb1361c3-0f1f-4cf2-9e11-08d9fe1343cf','a912556c-063f-43b5-871f-7840cc08b1f7','Alexandria Rippin','Nisi expedita neque doloremque porro quis explicabo omnis repellendus. Nisi ut saepe doloribus voluptate. Nam expedita doloribus culpa necessitatibus.',3,'2019-03-09 19:13:26','2019-03-09 19:13:26'),('df0b0c2e-4aab-4d99-a1f8-d7a5ee7fda65','fd136566-fb8d-424a-acc2-0146174cd210','Blaze Kertzmann','Et et expedita et impedit officiis consequatur dolores. Nobis aliquam consequatur voluptas. Et molestias debitis quia dolor aperiam ratione sint. Dolores blanditiis eum velit accusamus.',4,'2019-03-09 19:13:26','2019-03-09 19:13:26'),('de871959-4d5d-49a8-9f70-0518c444c0ac','027b4616-d484-41d8-86c6-d23a96323c07','Nona Johnston','Laudantium quos vitae enim dolor explicabo delectus harum. Consequuntur laboriosam est placeat tempora.',2,'2019-03-09 19:13:26','2019-03-09 19:13:26'),('87dcd495-b6de-4454-a441-6934527e3e4e','af700341-bac1-41f1-94c6-dd284ef89e82','Garrett Cremin','Laudantium eaque et architecto maxime. Non ex consequuntur vero et fuga beatae. Voluptas ut et corrupti est. In ex velit dignissimos aliquam nulla.',0,'2019-03-09 19:13:26','2019-03-09 19:13:26'),('0d1fce01-937c-41ad-9013-2cd784986fb8','42ae5fb0-6eae-478f-8d8e-6ac4e0b14ca0','Petra Thompson','At ullam cupiditate ut quod dolor nihil nihil. Temporibus sit quidem odit velit ratione. Ipsum illo hic rerum voluptatibus sequi et deserunt.',5,'2019-03-09 19:13:26','2019-03-09 19:13:26'),('3e39568d-a24d-4269-a92d-91d36872aa08','41458fda-d2b1-42d8-883b-604dee20f3a6','Mr. Juvenal Cormier PhD','Facere et suscipit ipsum nulla quibusdam sint. Consequuntur aut nihil ducimus hic vel. Amet dolor consectetur corporis eligendi illo ullam quae.',0,'2019-03-09 19:13:26','2019-03-09 19:13:26'),('2bf499f7-862f-47f9-94f4-e804cd73bfd9','c257aad2-cd3a-4626-a49a-6f1507c53ca9','Hershel Runte','Ipsa tempore minima voluptate aliquam molestiae aut. Cum voluptatem atque dignissimos quod quasi. Ut ut voluptas eos eos veniam.',5,'2019-03-09 19:13:26','2019-03-09 19:13:26'),('0c4928ad-dcdc-4b4e-8ced-5497e230ba38','d34c33d8-b778-457d-b6f3-2030de75db08','Hal Littel','Velit adipisci porro deleniti excepturi esse voluptates nobis non. Qui quia autem optio qui ratione tempora qui. Officia hic delectus ut vitae esse.',1,'2019-03-09 19:13:26','2019-03-09 19:13:26'),('cd57a0a1-0edf-4288-89af-f78e9778f8b6','882530ba-85b4-48ed-8b9d-08f683f83e3f','Elva Goldner','Consectetur ea harum vel adipisci aut corporis. Molestiae sapiente atque minus harum. Et fuga quia asperiores quod et enim praesentium.',2,'2019-03-09 19:13:26','2019-03-09 19:13:26'),('d6d2ac95-c364-4ff0-a9c0-f086efbc6bd0','64f7f5ec-c0ac-475c-8337-f8edd76866f2','Hadley Cartwright','Consequatur blanditiis sed qui rerum praesentium autem omnis. Sunt suscipit ex neque. Voluptatibus praesentium omnis nostrum recusandae labore ut laboriosam. Eius reiciendis nobis atque id molestias ea.',4,'2019-03-09 19:13:26','2019-03-09 19:13:26'),('7ce44579-2133-4f52-b181-404eafb1b295','af700341-bac1-41f1-94c6-dd284ef89e82','Mr. Unique Cummings','Ad dignissimos dolores aut vitae ea possimus. At molestiae ipsum exercitationem quidem accusamus. Impedit reprehenderit similique et sit suscipit repudiandae facere non.',4,'2019-03-09 19:13:26','2019-03-09 19:13:26'),('336fa116-0a65-4ec2-8b8e-289e09dc7dcf','534a2290-75b4-451c-ba88-2dba66997cfd','Mrs. Marilou Lind','In incidunt iste autem est labore iusto accusamus. At ipsum et porro dolorem maxime sequi. Quia eos ut eos voluptatem deserunt eos et.',4,'2019-03-09 19:13:26','2019-03-09 19:13:26'),('23145567-a635-426c-8a25-120228a4a766','39b39385-1379-4175-bb81-2202962a9ff9','Prof. Shanelle Cummerata','Temporibus dolor nihil aut enim minima laudantium magni voluptatem. Quo reprehenderit eligendi voluptatem. Autem vitae illo voluptas sit sapiente.',0,'2019-03-09 19:13:26','2019-03-09 19:13:26'),('ccdf2ed8-856a-4141-9e43-4bcfe8ad9a13','013b627a-f9cf-433c-9dbd-eb2499d7b14a','Mr. Adrian Wisozk','Fugiat alias ut dolor aut eveniet eum saepe. Doloribus sed odit eaque maxime nam et soluta. Odit quod itaque minus. Eum commodi sapiente nam vitae aut tempora.',0,'2019-03-09 19:13:26','2019-03-09 19:13:26'),('62f3cd4c-68fc-44d7-a086-4da29a196203','29046565-ad5c-410f-9fe3-9b0191888b1e','Giuseppe Gutmann','Omnis voluptatem alias voluptatibus quae qui ex. Quasi tempora a repudiandae quia. Aliquid quam aperiam suscipit autem corrupti. Et laudantium qui ut non natus.',0,'2019-03-09 19:13:26','2019-03-09 19:13:26'),('2d6a97e1-663c-4450-8b9e-879646df9987','6a15fcfc-2147-4f71-80e5-d6d4c3f35512','Crystel Runolfsdottir Jr.','Voluptates at optio perspiciatis hic accusantium qui eum. At voluptas aut molestias modi ad et et. Maxime ut laudantium reprehenderit minus. Qui tenetur et fugit ducimus eum aliquam perspiciatis.',0,'2019-03-09 19:13:26','2019-03-09 19:13:26'),('e9ffb623-c7cc-4d3c-9c42-316fd4595851','3cda0723-d47d-4cd4-b1df-9098a74b0b7d','Annie Jast','Non cum est exercitationem itaque autem cupiditate maiores molestias. Repellendus optio officiis accusantium qui sed iste rerum. Voluptas velit dolorum quasi ut. Beatae quod rerum pariatur in et molestiae neque autem.',4,'2019-03-09 19:13:26','2019-03-09 19:13:26'),('4227a936-53b1-48a1-a3b0-af9b2d29703c','03fbeb4c-6ccd-4d01-a049-bd507f1d2866','Colin Ernser','Quia vel libero odio numquam sunt voluptatem id. Aut et sed et. Natus sapiente voluptas voluptas.',5,'2019-03-09 19:13:26','2019-03-09 19:13:26'),('a454ada1-a61d-45bd-9096-26c46cd0d5e9','34bcceac-1081-4708-99a3-8638ca3ddd92','Landen Kerluke','Ab et commodi inventore. Consequatur nobis quaerat quia explicabo. Laudantium dolor nemo magni veritatis quas iusto. Consequatur aut omnis velit et.',3,'2019-03-09 19:13:26','2019-03-09 19:13:26'),('9085473b-cc30-40a2-b126-7dd6ef0395f2','89caeace-ba40-4d73-8ac3-afe8126ae312','Jada Mayer','Quidem voluptatibus perferendis nemo sint quibusdam tenetur. Nihil ea accusamus ipsam suscipit. Occaecati consequatur a et mollitia.',2,'2019-03-09 19:13:26','2019-03-09 19:13:26'),('784c5bfa-65b3-4f69-80df-19a5477fb490','d34c33d8-b778-457d-b6f3-2030de75db08','Finn Dach','Eveniet blanditiis asperiores veritatis repellendus nemo voluptatem libero. Illum ipsum dolorem odio consectetur delectus laudantium. Pariatur aliquam error dolor non occaecati natus. Iste neque odit nihil consequatur et ipsum.',4,'2019-03-09 19:13:26','2019-03-09 19:13:26'),('10cc6047-f327-45a0-ae5b-2760cd5ea8db','cc6685e3-1a32-46ce-a2bd-23a540646c1c','Prof. Zakary Heaney V','Adipisci molestias magnam est quia eos. Quo laboriosam aspernatur autem ut iusto esse quis esse. Omnis velit quia earum et autem voluptas et optio.',3,'2019-03-09 19:13:26','2019-03-09 19:13:26'),('55d36bfc-f7d4-46a9-9c44-ea6e24ad60da','344ee10a-fc79-4427-b16d-894db7f04470','Mossie Eichmann','Vero illo et non sunt eos laborum voluptas. Aspernatur quia voluptas eligendi quam facere vel.',0,'2019-03-09 19:13:26','2019-03-09 19:13:26'),('34aa4721-690e-4e83-a129-0039028a0c87','ea086575-4a20-4426-b552-d80704ab3754','Deontae Trantow DVM','Recusandae alias mollitia harum quam dolorem nisi odio consequuntur. Aut eum a magni. Voluptatem harum cupiditate eligendi qui vero. Consequatur quibusdam at aspernatur ut eligendi.',2,'2019-03-09 19:13:26','2019-03-09 19:13:26'),('201c2f00-18ef-47d4-ab07-45378bca10b4','af700341-bac1-41f1-94c6-dd284ef89e82','Fiona Cronin','Earum laborum ducimus eum occaecati. Ab et aut doloribus voluptatibus perspiciatis. Eos dolor dicta cum. Ullam maiores fuga aliquid vitae est cum odit.',5,'2019-03-09 19:13:26','2019-03-09 19:13:26'),('4dd41294-d2f0-42d1-8cec-fb2c77310785','013b627a-f9cf-433c-9dbd-eb2499d7b14a','Tressa Jacobson','Deleniti quia repellat sequi quasi praesentium animi. Ducimus consequatur asperiores nisi perferendis. Dignissimos fugit adipisci et voluptatem ab quaerat velit.',3,'2019-03-09 19:13:26','2019-03-09 19:13:26'),('8ed159f0-edd4-4bad-a5bc-5c90f9de8b0d','bc3d44d5-e429-46d4-9d15-b0b0d32e16e8','Marisol Brekke Jr.','Repudiandae cumque porro vel consequatur facilis repellat repellendus. Nostrum beatae consequuntur quasi architecto veniam quod. Ullam doloribus mollitia quidem ea doloremque nostrum.',0,'2019-03-09 19:13:26','2019-03-09 19:13:26'),('6d2c48ad-3f11-4caa-9eee-15fd20a9d913','89caeace-ba40-4d73-8ac3-afe8126ae312','Boyd Jacobs','Ea qui porro et iusto ut error rerum. Officia aperiam et aut corporis provident sunt. Placeat necessitatibus nihil repellendus nihil rerum doloribus.',0,'2019-03-09 19:13:26','2019-03-09 19:13:26'),('3f4e1c09-7688-4559-a5bc-e525a60713f0','29046565-ad5c-410f-9fe3-9b0191888b1e','Julio Kuhn','Voluptas nihil assumenda odio quia. Aspernatur maiores voluptatibus minima dolorem. Ut assumenda dolorem ad perspiciatis eligendi blanditiis provident. Quasi iste qui quia impedit eius.',4,'2019-03-09 19:13:26','2019-03-09 19:13:26'),('3dc6e677-5cba-4359-9698-519cec396997','6ee0efe1-ef45-4028-8ea1-949ca255820e','Loyce Morissette III','Et recusandae nam eaque praesentium. Repellendus consequatur minus voluptate doloremque vel. Aut qui sunt laudantium commodi autem. Voluptate natus vero repellat officiis.',3,'2019-03-09 19:13:26','2019-03-09 19:13:26'),('ee86340d-6b28-48e9-b37a-85605cb83461','89caeace-ba40-4d73-8ac3-afe8126ae312','Miss Angelica Larkin','Eum odit quae voluptatem est neque quod est. Quo rerum qui hic aut.',1,'2019-03-09 19:13:26','2019-03-09 19:13:26'),('c504cb31-41fe-4936-86e8-dc2d777982fb','3cda0723-d47d-4cd4-b1df-9098a74b0b7d','Kory Hauck PhD','Sint minus omnis fugiat ut. Occaecati quod non ducimus vel voluptatem sint.',0,'2019-03-09 19:13:26','2019-03-09 19:13:26'),('58db8a95-0878-4509-8458-6e741dd7cef1','c257aad2-cd3a-4626-a49a-6f1507c53ca9','Enola Deckow','Eum dolore laborum aperiam necessitatibus quam minima quae. Illo sunt illum quidem. Unde dolore ut libero est similique enim.',1,'2019-03-09 19:13:26','2019-03-09 19:13:26'),('209a14bf-4f7b-4f19-acf4-b2a036135c2f','daf55c10-78fb-4ae8-8a15-0d652f81f963','Darrin Glover II','Aliquam enim dolorem voluptatem non nemo molestias. Doloremque quae vitae id quisquam ut eos quidem. Recusandae sint velit consectetur sed fugit. Beatae eos ducimus aliquam rerum praesentium ex.',1,'2019-03-09 19:13:26','2019-03-09 19:13:26'),('ae70b8a8-c72d-46e7-ae28-7ca5c401a292','64fdabb5-6d95-40ac-8962-c4bf83712532','Juwan Raynor','Omnis animi perspiciatis laudantium iste sint at molestiae. Quia sit eos ex et quae possimus velit. Maiores labore omnis quia molestiae natus.',4,'2019-03-09 19:13:26','2019-03-09 19:13:26'),('dfa5f78b-52de-4bdd-be4e-05bdf1f38384','e82a303b-82c2-4088-b58a-2133fc60f96a','Prof. D\'angelo Hill','Sed rerum dicta ad alias magni. Eius rerum aliquid dicta quis consequatur perspiciatis veritatis. Sint mollitia eos modi beatae enim tempore libero. Ad ut et sapiente et et vel fugiat ab.',3,'2019-03-09 19:13:26','2019-03-09 19:13:26'),('73563d67-b14b-4d57-ba04-64f7559774ea','42ae5fb0-6eae-478f-8d8e-6ac4e0b14ca0','Dedric Barton V','Quia quo repudiandae quia in veritatis. Deserunt ducimus numquam suscipit. Assumenda tempora qui sed quaerat.',2,'2019-03-09 19:13:26','2019-03-09 19:13:26'),('aac17f8b-1238-4add-b135-ea77325537cc','5e5872fe-fee5-4ea6-9861-4f16920df816','Nicholaus Leannon','Dolor hic velit excepturi natus. Et et omnis accusamus inventore facilis rerum est. Iste reiciendis id et. Veritatis officiis tenetur et ex.',1,'2019-03-09 19:13:26','2019-03-09 19:13:26'),('06b2799a-78ef-4d9b-b9db-e7f52b3e78e7','261efce7-4097-497f-b7cd-fdaa4a65272a','Arely Strosin II','Alias quae in ipsa et quibusdam. Enim magni quam quia alias. Itaque distinctio sequi tempore aperiam sit dignissimos. Possimus rerum earum magni amet porro sed. Reprehenderit eum ad at temporibus velit consectetur temporibus.',2,'2019-03-09 19:13:26','2019-03-09 19:13:26'),('76395c05-a187-4e52-aeab-74116e696b77','64fdabb5-6d95-40ac-8962-c4bf83712532','Conor Jerde','Animi rem dolorem eum optio omnis quia. Fugit quidem qui aut et itaque perferendis aliquid. Nisi nemo nesciunt qui quia ut.',4,'2019-03-09 19:13:26','2019-03-09 19:13:26'),('e7bd5552-601e-4167-bdef-fddddf4ee899','e82a303b-82c2-4088-b58a-2133fc60f96a','Yessenia Kuhlman DDS','Illo perferendis aut placeat est. Excepturi iusto nulla ad voluptas voluptatibus odit veniam. Facilis ut nulla ex eos aperiam sequi aut eum. Corrupti repellat impedit voluptatem excepturi non similique rerum.',2,'2019-03-09 19:13:26','2019-03-09 19:13:26'),('77e6ab3d-2782-4d6c-ac41-eff11c261f2f','bc3d44d5-e429-46d4-9d15-b0b0d32e16e8','Alessandro Ondricka','Alias dolor quia deserunt. Ut est eligendi sed sint quia. Delectus minus cum perferendis non ut odit culpa debitis.',5,'2019-03-09 19:13:26','2019-03-09 19:13:26'),('13f76182-5ecd-4c6f-93bd-8f38398cf5a0','a912556c-063f-43b5-871f-7840cc08b1f7','Susanna Barrows','Saepe veniam suscipit eligendi. Placeat aspernatur exercitationem qui et qui et rerum ut. Impedit deleniti aut aliquid suscipit.',2,'2019-03-09 19:13:26','2019-03-09 19:13:26'),('3ed3bdc6-0429-48fc-99bb-82a66856d9d5','3cda0723-d47d-4cd4-b1df-9098a74b0b7d','Miss Berniece Price IV','Nobis et voluptate eum architecto voluptatum accusantium quam. Autem nisi quia omnis fugiat ut et adipisci numquam. Et velit aut et rerum expedita. Nisi eum dolore soluta assumenda nam quae ullam velit.',5,'2019-03-09 19:13:26','2019-03-09 19:13:26'),('4cbbe527-1b81-4ae1-a3e2-9cdff5c043ad','99b5c067-b2b9-4693-9a5f-08ef9b7a6fdb','Alva Kris','Blanditiis quidem quo maiores officia quis quo sunt ipsum. Reiciendis sunt omnis aut et quisquam ab.',2,'2019-03-09 19:13:26','2019-03-09 19:13:26'),('02683f61-a8fa-40d8-b8ee-3d67c0c00d5a','71eea880-18b6-453b-bb27-dd58d08df130','Ms. Nella Waters','Unde molestiae et voluptatem. Error et optio autem nisi nemo dolorem. Nisi repudiandae nemo sint.',3,'2019-03-09 19:13:26','2019-03-09 19:13:26'),('c9f1ed86-06ba-4156-81c0-8b4233c84706','027b4616-d484-41d8-86c6-d23a96323c07','Deron Osinski','Ut veritatis cupiditate iure quia magnam nobis. Voluptatem quia debitis accusamus quo consequatur quibusdam. In expedita sed nam saepe dolorem animi corrupti quisquam. Non aut est laudantium magni voluptatem. Nihil iusto ab voluptatem.',3,'2019-03-09 19:13:26','2019-03-09 19:13:26'),('00f13a03-6f7c-451c-9aca-de5719423bcc','89caeace-ba40-4d73-8ac3-afe8126ae312','Savannah Green','Vel velit velit maiores corrupti. Vel provident et architecto iste. Saepe minus quos libero.',1,'2019-03-09 19:13:26','2019-03-09 19:13:26'),('24088167-43ff-45c9-a2b0-f2b485dc776e','34bcceac-1081-4708-99a3-8638ca3ddd92','Louvenia Weimann','Consequatur quod in impedit. Quia porro laborum repudiandae qui. Dolores officia architecto inventore vitae quia.',0,'2019-03-09 19:13:26','2019-03-09 19:13:26'),('b92f492f-0b8a-4c92-a34d-577035a56211','29046565-ad5c-410f-9fe3-9b0191888b1e','Uriah Tillman','Ut nulla provident enim harum esse in ab. Eligendi quis animi sunt voluptatem. A consequatur aut sint ut velit est.',0,'2019-03-09 19:13:26','2019-03-09 19:13:26'),('5d66bcce-e8b4-4e63-ab6b-69434880dc6e','534a2290-75b4-451c-ba88-2dba66997cfd','Brice Schultz','Est rerum voluptas qui facilis nihil dolorum. Voluptas impedit autem magnam. Beatae eos nihil quasi dolorum eaque delectus amet. Dolore et et dolorum natus.',5,'2019-03-09 19:13:26','2019-03-09 19:13:26'),('5ed37b30-f35c-4535-af94-b700cfcfcfa6','91579773-9c60-4bf1-9b4d-0172c5bfef16','Pearline Kunze PhD','Soluta excepturi suscipit veniam quia. Numquam veritatis alias eum optio. Corporis alias rem laudantium repudiandae. Et consequatur distinctio dolorum rerum. Quo sapiente veritatis magni perspiciatis et.',4,'2019-03-09 19:13:26','2019-03-09 19:13:26'),('ce23da01-4d99-45fe-971d-5e5d737113ce','e97e5306-7b68-4efb-9112-8cc86d0fd466','Aisha Maggio','Sunt quam et quis perspiciatis officiis mollitia cum. Expedita error impedit dolores molestiae et. Quidem voluptas omnis est aliquam amet molestiae voluptatem. Et aperiam odit eum cum.',4,'2019-03-09 19:13:26','2019-03-09 19:13:26'),('c99399d2-1385-479e-a75a-98777b3130fe','e97e5306-7b68-4efb-9112-8cc86d0fd466','Jerrod Howe','Omnis assumenda repellendus cumque ut repudiandae sit. In perspiciatis similique reiciendis. Eligendi perspiciatis mollitia fugit enim. Et quidem adipisci et exercitationem debitis inventore qui.',0,'2019-03-09 19:13:26','2019-03-09 19:13:26'),('98418462-f653-4afd-bd95-921b891b37a9','534a2290-75b4-451c-ba88-2dba66997cfd','Dr. Lexus Larson Sr.','Voluptas itaque adipisci sit consequatur quis quia nihil. Quia sit illo reiciendis quaerat tempore.',2,'2019-03-09 19:13:26','2019-03-09 19:13:26'),('77a6192d-f3de-4a54-8ea1-6b1ea8d8480b','4bf0d1fa-1946-4bdc-85be-2a67c34bf2b1','Stefanie Gutmann','Cupiditate qui est dolores in. Modi consequatur sit ea minima. Laborum totam aut earum aut modi ut est.',4,'2019-03-09 19:13:26','2019-03-09 19:13:26'),('4b5dac43-a547-412b-a928-0eecd2d5bf7a','34bcceac-1081-4708-99a3-8638ca3ddd92','Newell Hessel IV','Ea alias pariatur et quo nisi rerum asperiores. Id sunt culpa ut aut libero sunt. Et non itaque eos omnis pariatur tenetur et voluptatum. Unde ducimus eos nihil tenetur nesciunt animi ea. Fuga dolor error quidem atque.',4,'2019-03-09 19:13:26','2019-03-09 19:13:26'),('2e15f766-d5a1-425e-b77b-399bf31cf38e','bb8d2d28-04bb-4853-b516-a4ab0f99eff8','Prof. Sigmund Wyman','Rerum temporibus dolorem reprehenderit dolor dolorem. Quas esse est dolores inventore. Ea tempore temporibus blanditiis libero impedit eum quas.',4,'2019-03-09 19:13:26','2019-03-09 19:13:26'),('658a2f5f-930e-49c8-862d-b91f670723cc','cc6685e3-1a32-46ce-a2bd-23a540646c1c','Christopher Schroeder MD','Soluta consequatur error praesentium vero voluptas vitae qui. Ut dolores quia porro animi. Ducimus at ut delectus. A repudiandae nihil itaque ipsa.',0,'2019-03-09 19:13:26','2019-03-09 19:13:26'),('7e3e2284-d54b-46fc-ae0c-e17ac9021091','0c8934c2-f683-4694-999b-5f4b1382a24f','Clemmie Deckow','Odio consectetur qui corrupti deserunt. Quo inventore aut assumenda consequatur illo non. Aut odit tempore harum et dolor.',2,'2019-03-09 19:13:26','2019-03-09 19:13:26'),('77c6c636-b4c2-455e-851d-a6000c55c442','d34c33d8-b778-457d-b6f3-2030de75db08','Norbert Schumm','Ipsa labore rerum voluptas magnam consequatur maiores. Excepturi ipsum a veritatis expedita. Sed repellat dolorum voluptas sint perferendis tempora eos.',1,'2019-03-09 19:13:26','2019-03-09 19:13:26'),('a63e0fbd-9c4a-4016-ba34-3673aece019a','91f6620b-7623-49a9-b359-ba9eb6c8b47a','Guadalupe Herman','Pariatur qui nostrum aut autem sequi molestiae eos soluta. Repudiandae ea ex illo quo totam voluptatem. Consequatur rerum eos omnis modi distinctio ullam facere.',1,'2019-03-09 19:13:26','2019-03-09 19:13:26'),('940168c6-fd4e-42ab-9ecf-4b9a2db3f986','a912556c-063f-43b5-871f-7840cc08b1f7','Mona Fahey','Maiores officiis deleniti doloribus iure. Vero porro autem quas earum. Possimus id natus repellendus dolores vero laudantium nulla esse. Magnam aut soluta dolor modi dignissimos est possimus quia.',3,'2019-03-09 19:13:26','2019-03-09 19:13:26'),('1975be37-3fad-4d7c-86a6-d169b81396b5','baba22e1-c1a1-418a-8418-54c09a08082e','Casper Shields','Commodi est et totam ab doloribus iure. Molestiae voluptatem eveniet ea rerum quam. Dolorem dolorem fuga quam unde culpa saepe.',4,'2019-03-09 19:13:26','2019-03-09 19:13:26'),('6a6baac9-d0de-482f-b255-ab1256e07c3c','bb8d2d28-04bb-4853-b516-a4ab0f99eff8','Mason Bins','Ut ut molestiae iure nemo quibusdam aut. Culpa voluptate dolore ut fugiat. Cum consequatur consectetur tempora maiores. Reprehenderit soluta magni expedita voluptatem.',1,'2019-03-09 19:13:26','2019-03-09 19:13:26'),('6e416eb2-174a-4d2c-8adc-49be84342099','91f6620b-7623-49a9-b359-ba9eb6c8b47a','Amelie Torphy','Ipsa totam corrupti ipsam illum est labore. Omnis nam possimus dolore. Officia doloribus quod maxime tenetur omnis laborum.',4,'2019-03-09 19:13:26','2019-03-09 19:13:26'),('ee7057c2-4f48-4327-b1b6-19c3478bd0ec','9010102a-c57c-4f47-b783-634dad582114','Tillman Nolan DVM','Accusamus excepturi consequatur et ut earum. Animi aperiam sed accusantium occaecati.',3,'2019-03-09 19:13:26','2019-03-09 19:13:26'),('7bf639f3-e4a5-441e-b8f0-392276e06f9e','fd136566-fb8d-424a-acc2-0146174cd210','Ciara Larson','Sequi voluptatem sed nemo est. Pariatur asperiores est et reprehenderit. Quaerat omnis ut est fugit quae vel qui cumque.',4,'2019-03-09 19:13:26','2019-03-09 19:13:26'),('35d3d05b-a122-4a63-a2d0-1ebf60e57a95','3705ec2f-29e8-4d64-aba8-62ebe612b098','Benny Rodriguez','Dolorem nesciunt dolor voluptas ut suscipit inventore. Eos accusamus expedita delectus nihil sunt aut. Ut aliquid debitis dignissimos sed dolores ullam nostrum.',2,'2019-03-09 19:13:26','2019-03-09 19:13:26'),('a9b2d7b7-cdc7-4d6a-9624-e40393dae4e3','89caeace-ba40-4d73-8ac3-afe8126ae312','Jazmin Daugherty I','Perferendis ex voluptatem aut. Nisi suscipit voluptas exercitationem consectetur. Commodi commodi repellat et eum. Corrupti sed porro nulla sequi quia.',0,'2019-03-09 19:13:26','2019-03-09 19:13:26'),('28ddea13-ef18-4c2a-9dfe-c4c5dd2a4366','6a15fcfc-2147-4f71-80e5-d6d4c3f35512','Mr. Armani Terry Sr.','Fugit laborum consequatur et ut et delectus. Aut et blanditiis magnam neque. Tempore consequatur qui necessitatibus expedita. Ut impedit maxime autem perspiciatis repellendus eaque.',5,'2019-03-09 19:13:26','2019-03-09 19:13:26'),('2e73807c-6216-4bf8-aa67-202e2e62bc91','41458fda-d2b1-42d8-883b-604dee20f3a6','Karolann Hodkiewicz','Sit ad odit totam porro aut consectetur. Sint quas aut eum iure minus nam cumque. Dignissimos voluptates rerum qui dolorum illum sint perspiciatis.',5,'2019-03-09 19:13:26','2019-03-09 19:13:26'),('ee65232e-c751-4e15-994f-d0f461cdd7ec','2b18842b-e773-498b-ad87-28c835a05136','Tania Wehner','Officia aspernatur voluptate labore eius. Voluptas illo sint optio est voluptas quo temporibus. Quia minus ratione et fuga eligendi sit et. Et dignissimos est minima non optio praesentium soluta. Laborum culpa iure incidunt fugit.',4,'2019-03-09 19:13:26','2019-03-09 19:13:26'),('a75ffce2-6de6-4ac7-b751-95b09e3a52ff','91f6620b-7623-49a9-b359-ba9eb6c8b47a','Chelsey Runolfsdottir','Atque asperiores commodi dolorem non recusandae voluptas consequuntur. Ipsum repudiandae quibusdam sunt voluptate ea autem. Quibusdam nam maxime molestias suscipit perspiciatis assumenda quis.',2,'2019-03-09 19:13:26','2019-03-09 19:13:26'),('51b90a69-5e7f-402f-8b29-ba1f9de8dc9d','ea086575-4a20-4426-b552-d80704ab3754','Peggie Jaskolski','Vero voluptates veniam voluptatem modi maiores. Ut iste occaecati nihil et ipsam. Atque laboriosam atque id iure.',5,'2019-03-09 19:13:26','2019-03-09 19:13:26'),('86622d8a-ed77-4b6a-b32c-012b3ccf7d3c','42ae5fb0-6eae-478f-8d8e-6ac4e0b14ca0','Tess O\'Hara','Vitae voluptatem quas et nihil et omnis dolores. In suscipit dolorum et et dolore. Doloribus et est odit similique qui beatae at. Occaecati dolor magni ratione impedit optio qui mollitia.',4,'2019-03-09 19:13:26','2019-03-09 19:13:26'),('dbec9f24-fa45-4c45-9a54-0ad7eb08593c','9010102a-c57c-4f47-b783-634dad582114','Cyril Senger','Error nam blanditiis minima corrupti commodi. Perspiciatis vitae eligendi eos officiis. Voluptatem explicabo quisquam quisquam numquam et tenetur voluptatem.',0,'2019-03-09 19:13:26','2019-03-09 19:13:26'),('5b83b7d7-842c-47e1-9ab6-4c4b91476deb','ea086575-4a20-4426-b552-d80704ab3754','Prof. Eliane Bergnaum','Dignissimos aspernatur ea debitis atque praesentium. Impedit ipsam qui fuga nostrum nulla doloribus. Ullam sit officiis enim ut. Fugit fugiat dolore incidunt.',5,'2019-03-09 19:13:26','2019-03-09 19:13:26'),('43448517-b2b9-48f4-90cc-59436dfd9b89','fd136566-fb8d-424a-acc2-0146174cd210','Prof. Roger Abernathy','Aut quia placeat eaque. Vel dolorum harum suscipit quas qui in sint. Dolore sit tempora quia ullam voluptatem.',3,'2019-03-09 19:13:26','2019-03-09 19:13:26'),('43460f5f-c64a-4923-8b67-e5f7b97b1060','91f6620b-7623-49a9-b359-ba9eb6c8b47a','Nicolas Littel','Reprehenderit maiores dolore blanditiis qui et. Et dolores quae dolor nobis alias et. Aut voluptas aut voluptas et. Numquam magnam nihil harum saepe et eos quisquam.',2,'2019-03-09 19:13:26','2019-03-09 19:13:26'),('f8c889c4-32cc-411d-aa5d-e459ad99f2d6','bc3d44d5-e429-46d4-9d15-b0b0d32e16e8','Ms. Hanna Langosh','Incidunt alias harum corporis est doloremque id est. Eius est nobis voluptatem omnis. Maiores ipsum magni minus et velit perferendis consequuntur saepe.',5,'2019-03-09 19:13:26','2019-03-09 19:13:26'),('432cd1f6-a2c5-4a9c-8701-046df11194b0','882530ba-85b4-48ed-8b9d-08f683f83e3f','Annette Satterfield V','Explicabo in dicta sit nisi dolores omnis deserunt. Impedit fugiat voluptas eos illo. Numquam atque et porro itaque. Qui ad consequatur molestiae laboriosam in quod.',2,'2019-03-09 19:13:26','2019-03-09 19:13:26'),('9c5dcd5a-1f2e-40ef-a6c8-80b7108789dc','03fbeb4c-6ccd-4d01-a049-bd507f1d2866','Zaria Beahan','Reiciendis ad est perferendis quisquam. Voluptatibus dicta quidem ea officia. Consequatur quia tempora ut placeat. Quia quo incidunt non.',3,'2019-03-09 19:13:26','2019-03-09 19:13:26'),('ed78207a-50d7-4b85-97f8-6f84ccfe99f4','89caeace-ba40-4d73-8ac3-afe8126ae312','Enid Rau','Dolorum vel culpa et consequatur officia. Quisquam necessitatibus rerum voluptas nostrum error quasi. Repellat voluptas voluptatibus placeat facilis similique iure laborum. Voluptatem ea sint dolorum praesentium est tempore autem.',0,'2019-03-09 19:13:26','2019-03-09 19:13:26'),('9f88d8d8-e61d-4f67-b5f4-f1763d844ae9','357fc132-7c55-4f24-9020-cecc85190221','Janice Mann Jr.','Suscipit vel voluptas modi ipsam. Explicabo aspernatur libero aut quibusdam ut mollitia itaque harum. Delectus qui sint sapiente et rerum.',4,'2019-03-09 19:13:26','2019-03-09 19:13:26'),('a0276a6c-b1f4-4671-981e-fcd409fd1cfe','6a15fcfc-2147-4f71-80e5-d6d4c3f35512','Violette Bahringer','Sit illo laudantium alias. Vel quam cum ratione iste quis fugit sunt. Cumque laboriosam rem sed deserunt assumenda.',5,'2019-03-09 19:13:26','2019-03-09 19:13:26'),('80672741-44e0-4868-a2a2-916d05c96b8e','0c8934c2-f683-4694-999b-5f4b1382a24f','Nona Reilly','Ipsam qui alias in non. Molestiae officia officia laborum ut. Adipisci illo deleniti aut libero.',2,'2019-03-09 19:13:26','2019-03-09 19:13:26'),('3b223f29-86b7-4a1d-a18b-c39e3b373fc5','882530ba-85b4-48ed-8b9d-08f683f83e3f','Osvaldo West','Facere corrupti fugiat aspernatur enim. Est at mollitia voluptas nostrum. Labore incidunt qui maxime ut beatae. Corporis cupiditate consequatur aspernatur adipisci earum.',3,'2019-03-09 19:13:26','2019-03-09 19:13:26'),('000ff414-b908-4d67-8743-b26f174c3c29','5e5872fe-fee5-4ea6-9861-4f16920df816','Sister Treutel','Sunt praesentium excepturi at aperiam. Aut omnis voluptatibus eum eos velit expedita. Aliquid voluptatem eos quod est in consectetur at eum.',3,'2019-03-09 19:13:26','2019-03-09 19:13:26'),('332ce89f-3316-4f04-b1aa-f11f744a3b56','261efce7-4097-497f-b7cd-fdaa4a65272a','Mr. Zander Schiller','Porro laboriosam soluta molestias id. Et velit dolores corporis cumque cumque. Recusandae sint tempore aliquam eos voluptatem maxime accusantium.',5,'2019-03-09 19:13:26','2019-03-09 19:13:26'),('b2d3c708-9336-42c4-81bd-f1aa3682da46','34bcceac-1081-4708-99a3-8638ca3ddd92','Prof. Brennan Eichmann IV','Molestiae consectetur repudiandae possimus. Nam ab vel velit libero. Excepturi eius tempora odit expedita voluptatem quia. Aut aperiam vel non.',1,'2019-03-09 19:13:26','2019-03-09 19:13:26'),('a52b69c5-ae11-47c1-a56d-15d1bbb20e3c','cc6685e3-1a32-46ce-a2bd-23a540646c1c','Miss Marlen Blanda III','Consequatur autem ut repellendus. Vel nihil omnis enim velit. Sed facere doloribus dolorem perferendis quisquam.',3,'2019-03-09 19:13:26','2019-03-09 19:13:26'),('8e06a2b8-10d6-4e5d-8cda-f0df59c42cc3','c9cbc831-3cc5-49ad-b5ea-77eaedcdf9a5','Dr. Eduardo Denesik','Et recusandae voluptatem eius atque esse omnis laborum molestias. Nisi eius vel ipsum numquam assumenda laudantium deleniti. Deserunt voluptatem ut error vitae qui. Repellat dolor eius quaerat sit itaque sequi. Quis tempore architecto distinctio.',5,'2019-03-09 19:13:26','2019-03-09 19:13:26'),('c7fe0c13-be61-478f-b1bc-7070e0c0b152','87ebc5f6-67bc-4170-a113-b38763fe0616','Cleo Graham','Cupiditate corrupti officia sit iste. Aut quos accusamus aut impedit. Quidem placeat unde numquam et.',1,'2019-03-09 19:13:26','2019-03-09 19:13:26'),('6fa67a7a-ff4e-4293-a999-db7f9176550e','a912556c-063f-43b5-871f-7840cc08b1f7','Mrs. Maeve Wuckert','Accusamus et est aspernatur ut repellat. Consequuntur consequatur dolorem laudantium et dolorem. Mollitia consequuntur ut animi omnis sed.',1,'2019-03-09 19:13:26','2019-03-09 19:13:26'),('be3dad30-a1cb-429e-8328-10587b8f1265','357fc132-7c55-4f24-9020-cecc85190221','Sage Schaefer PhD','Odit odio et sint nihil in ut quibusdam. Consequatur ea est velit in aut. Sed aliquid perferendis autem sapiente aliquid aliquam id.',4,'2019-03-09 19:13:26','2019-03-09 19:13:26'),('19575b52-503e-43cd-9120-f8b98c1d2785','91579773-9c60-4bf1-9b4d-0172c5bfef16','Stefan Kessler','Consequuntur unde ipsum eligendi vel aperiam. Deleniti perferendis velit quia excepturi. Qui accusamus autem sit.',0,'2019-03-09 19:13:26','2019-03-09 19:13:26'),('a402da2d-0c9b-45b0-9074-1aac7b231308','357fc132-7c55-4f24-9020-cecc85190221','Adolf Koelpin PhD','Laudantium et nesciunt molestiae laborum eveniet esse itaque. Odio omnis et qui quasi sunt non. Ipsa iure maiores qui eaque nihil. Dolores commodi quidem excepturi nihil minus expedita quas eaque. At est voluptatem eos voluptatem ea.',1,'2019-03-09 19:13:26','2019-03-09 19:13:26'),('28da130a-12d8-4ace-86ae-74208a485fef','64fdabb5-6d95-40ac-8962-c4bf83712532','Lillie Mayer DDS','Quae quo laborum id expedita dolorem possimus. Eos fugit ut beatae.',4,'2019-03-09 19:13:26','2019-03-09 19:13:26'),('f78ae941-733e-4569-b370-47d57607f535','91f6620b-7623-49a9-b359-ba9eb6c8b47a','Miss Marlene Grady I','Et vel illum sit porro rerum doloremque. Explicabo vitae enim sapiente officiis.',5,'2019-03-09 19:13:26','2019-03-09 19:13:26'),('ecaea436-ccd9-45e3-9b65-feccdd2a7b4b','882530ba-85b4-48ed-8b9d-08f683f83e3f','Henri Bergstrom','Ab aut accusamus quos enim et iusto architecto quas. Earum perferendis nam eos quaerat nemo. Rerum unde sed consequatur ea dignissimos adipisci.',1,'2019-03-09 19:13:26','2019-03-09 19:13:26'),('2c7611b8-e24a-48dd-86d0-e588c4304153','bb8d2d28-04bb-4853-b516-a4ab0f99eff8','Lyric Stroman','Est reprehenderit odit repellendus atque eos exercitationem non accusamus. Aperiam reiciendis in dolorum consequuntur. Fugit expedita in libero inventore aut et ex. Voluptatem voluptatum consequatur qui ullam.',3,'2019-03-09 19:13:26','2019-03-09 19:13:26'),('10e43534-10e6-45a2-88ac-24df7b6ec03f','2b18842b-e773-498b-ad87-28c835a05136','Wilmer Anderson','Et exercitationem non iste ex nisi. Ut ea dignissimos enim est alias atque. Iure aut ex dolor et.',5,'2019-03-09 19:13:26','2019-03-09 19:13:26'),('8b60d2a6-3dbb-42f3-8db9-47c7cc0206a8','0c8934c2-f683-4694-999b-5f4b1382a24f','Dr. Ulices Sauer II','Fuga voluptas quia ad mollitia doloribus iste fugiat voluptatibus. Non voluptas tenetur ut aut at vel incidunt. Sunt soluta animi perspiciatis veritatis inventore sunt veniam sit. Ipsa consequatur quo sint dolor aut error sed.',5,'2019-03-09 19:13:26','2019-03-09 19:13:26'),('bb549a9a-541e-434c-a249-26663176b5ae','42ae5fb0-6eae-478f-8d8e-6ac4e0b14ca0','Prof. Jaqueline Hyatt III','Distinctio consequuntur et est voluptate non. Est voluptate officiis non ut quis aut iusto. Dolor non minus debitis qui. Animi sed accusantium veritatis rerum nihil.',3,'2019-03-09 19:13:26','2019-03-09 19:13:26'),('653c5882-21ee-4749-952a-0ca7e11a0d6e','91579773-9c60-4bf1-9b4d-0172c5bfef16','Valerie Wolf','Possimus id corporis quas dolor est qui. Rerum ut quas quia ea est rerum provident eos. Iusto corrupti consequatur consectetur ea repudiandae nulla et omnis. Voluptates excepturi in amet molestiae.',3,'2019-03-09 19:13:26','2019-03-09 19:13:26'),('8941ff61-e236-4f3f-b8d1-5eef7f830d32','52b2cd1f-38a3-44bf-bd9e-a16948cd4e29','Prof. Tatum Beer Jr.','Perferendis qui voluptatem cum qui. Corporis qui omnis voluptatem aut ut perspiciatis deserunt. Qui incidunt quia ut fugiat qui maxime magnam.',5,'2019-03-09 19:13:26','2019-03-09 19:13:26'),('719e554f-94fc-4254-abf2-ca9511cc3a21','42ae5fb0-6eae-478f-8d8e-6ac4e0b14ca0','Aracely Tromp','Velit dolor ut quas assumenda. Quia eaque odio dolorum vero. Nam molestias enim omnis alias.',3,'2019-03-09 19:13:26','2019-03-09 19:13:26'),('333055a9-b44f-4028-adb4-d4919ecba11d','d34c33d8-b778-457d-b6f3-2030de75db08','Prof. Glenda Schamberger II','Tenetur doloribus maiores quis doloribus vero voluptas. Magnam expedita autem quo exercitationem labore est sit. Quas at quia voluptate voluptas. Enim quo ipsum maiores ducimus quod ducimus.',0,'2019-03-09 19:13:26','2019-03-09 19:13:26'),('374046e6-dfdf-4d14-88a7-b8a22b6dcc58','3cda0723-d47d-4cd4-b1df-9098a74b0b7d','Destiny Ritchie V','Molestias perspiciatis ea impedit id debitis aut quia. Quam delectus sed aut vero reiciendis ut quasi.',3,'2019-03-09 19:13:26','2019-03-09 19:13:26'),('21b10ba4-754f-4ee0-aeda-5ccc6793f292','027b4616-d484-41d8-86c6-d23a96323c07','Roscoe Lueilwitz','Corrupti delectus molestiae beatae fugiat voluptatem assumenda saepe. Harum odit dolorum ratione aspernatur et qui voluptatem. Alias consequatur vel exercitationem quas dolorem laudantium. Dolorem omnis dolores nemo molestiae.',5,'2019-03-09 19:13:26','2019-03-09 19:13:26'),('598048c3-e7cc-43d6-8c37-29221bc3f2a4','261efce7-4097-497f-b7cd-fdaa4a65272a','Tatyana Schowalter Jr.','Quod voluptatum ullam vitae ut sed unde. Dicta adipisci rem rerum quia doloremque saepe. Magni quisquam quo neque.',4,'2019-03-09 19:13:26','2019-03-09 19:13:26'),('2267b32e-fefe-4e3b-9428-4cf4ef4f2542','41458fda-d2b1-42d8-883b-604dee20f3a6','Prof. Bernadine Dare','Dolor est cumque consectetur sint sint rerum. Ipsum consectetur recusandae pariatur dolor maiores aliquam. Non tempore deleniti aut dolorem.',0,'2019-03-09 19:13:26','2019-03-09 19:13:26'),('61f5a4ce-a958-449b-a274-a15ebe5da7c7','027b4616-d484-41d8-86c6-d23a96323c07','Lorna Littel','Sint et quod sunt similique mollitia eaque dicta earum. Explicabo illo quos laborum aut est corrupti saepe. Quae nisi et facere inventore. Eaque et hic nisi omnis pariatur molestiae.',1,'2019-03-09 19:13:26','2019-03-09 19:13:26'),('eada32bb-af4d-490a-aa84-a53eaaaa0366','bc3d44d5-e429-46d4-9d15-b0b0d32e16e8','Landen Zemlak II','Rerum molestiae aut fuga illo aut. Odit sit facilis ex voluptas. Adipisci et dolorem voluptates sed pariatur mollitia debitis. Nesciunt ipsa et eveniet eveniet non non consequatur.',0,'2019-03-09 19:13:26','2019-03-09 19:13:26'),('0a573f65-8f67-422e-bee3-30a41e2a92bb','9010102a-c57c-4f47-b783-634dad582114','Alessandro Schiller','Animi et voluptates quidem error architecto. Veniam laudantium fugit dolore ex. Quis et commodi quo. Et ut velit qui ipsum.',0,'2019-03-09 19:13:26','2019-03-09 19:13:26'),('03de03fc-56bb-4910-8ff9-6d42f4038235','bb8d2d28-04bb-4853-b516-a4ab0f99eff8','Dr. Olin Veum PhD','Nihil sit laudantium quam possimus. Molestias possimus et ad sit suscipit ea ut.',4,'2019-03-09 19:13:27','2019-03-09 19:13:27'),('bcb2eb3f-7d10-4785-b30c-ca055cd4a385','0166baa2-8558-4be5-b375-3c53d983a704','Bulah Kihn','Labore cum et et sit dolor necessitatibus earum unde. Rem ea natus id repellat repudiandae reprehenderit. Labore voluptatum reiciendis esse ad.',3,'2019-03-09 19:13:27','2019-03-09 19:13:27'),('f97d0d26-6dda-4f5e-9d8f-8f1cca5d2bed','bc3d44d5-e429-46d4-9d15-b0b0d32e16e8','Burdette Leannon','Veniam quasi consequatur quis quis et laboriosam aut. Sit consequuntur vero velit eaque enim laboriosam. Consequatur aspernatur eius sit placeat.',2,'2019-03-09 19:13:27','2019-03-09 19:13:27'),('b174e3ba-8cfa-47ca-9303-c77376802f51','d34c33d8-b778-457d-b6f3-2030de75db08','Franz Shanahan I','Architecto quos eum asperiores non. Doloremque et blanditiis error est saepe qui omnis. Possimus provident est nulla ipsa libero voluptatem.',2,'2019-03-09 19:13:27','2019-03-09 19:13:27'),('d57a5e82-19c8-4935-84ab-987767e1d6e9','b8d7bcc7-4530-41fc-a02e-96da953d2ae4','Orlando Pollich','Autem dolor error quas illo eaque. Laboriosam reiciendis reprehenderit eos aut quia consequatur et. Est quidem aut quia quia quia inventore ipsum.',5,'2019-03-09 19:13:27','2019-03-09 19:13:27'),('e3ed8592-8917-42d6-94f4-bdaf9ffdcfb0','6ee0efe1-ef45-4028-8ea1-949ca255820e','Abigail Schuster','Recusandae laudantium dolor et aut quos aliquid. Consequuntur voluptatibus omnis et quis ut eum veniam. Officia tempora nisi magni assumenda deleniti magni.',3,'2019-03-09 19:13:27','2019-03-09 19:13:27'),('12ef5f96-90a4-4c07-98cf-23b8a58474cc','4bf0d1fa-1946-4bdc-85be-2a67c34bf2b1','Jessica Dach','Ipsum voluptatibus molestias fugit dolorem officiis aperiam laborum. Nostrum ut provident aliquid facere aut animi. Repellat aperiam odit rem soluta vel sed et.',3,'2019-03-09 19:13:27','2019-03-09 19:13:27'),('80027e81-b9b0-41be-88f1-d48043e92b00','cc6685e3-1a32-46ce-a2bd-23a540646c1c','Jo Willms','Eaque sunt aut id aut. Molestias earum est consequatur. Repellat ipsum odio voluptas. Est est aperiam consequatur et quae quis.',1,'2019-03-09 19:13:27','2019-03-09 19:13:27'),('f9259a83-c4c8-470c-8d30-64042ec907ce','3705ec2f-29e8-4d64-aba8-62ebe612b098','Abel Reichert','Velit inventore laborum dolorem omnis corporis. Omnis quasi laboriosam amet dolorem nostrum eveniet accusamus. Non recusandae mollitia atque distinctio consequatur nulla. Iste tempora facere a sint autem.',2,'2019-03-09 19:13:27','2019-03-09 19:13:27'),('f5225ab0-1749-49d6-83a3-fe4c947e2cb4','bc3d44d5-e429-46d4-9d15-b0b0d32e16e8','Syble Pfannerstill','Dolorem vel sed delectus consequuntur. Molestiae eum minima rerum ut consequatur ipsa. Necessitatibus sed corrupti aperiam qui dolorem aut. Fugit dolorem assumenda rerum nulla natus et.',3,'2019-03-09 19:13:27','2019-03-09 19:13:27'),('be2e6fe2-598b-4974-a99e-298c3cb44f6e','027b4616-d484-41d8-86c6-d23a96323c07','Ivy Prohaska','Debitis temporibus qui animi omnis eum qui soluta. Culpa quisquam alias qui alias fugiat. Odio magni id aut a. Aperiam temporibus suscipit tempora blanditiis.',4,'2019-03-09 19:13:27','2019-03-09 19:13:27'),('b33f3982-45a0-4a2e-8f99-d4976b61cd27','bc3d44d5-e429-46d4-9d15-b0b0d32e16e8','Hershel Parker','Adipisci temporibus neque nulla delectus. Occaecati aspernatur omnis nostrum aut qui similique. Modi voluptatem quas et repellat voluptatem omnis quae iste.',0,'2019-03-09 19:13:27','2019-03-09 19:13:27'),('c9a0407c-5659-47d1-89d8-900432ad38c9','6ee0efe1-ef45-4028-8ea1-949ca255820e','Mrs. Vilma Cronin DVM','Adipisci est earum veniam mollitia aperiam. Et aperiam dicta aut nulla. Aliquam non laboriosam eveniet consequatur est aut maiores. Dolores odit reprehenderit eligendi aperiam odit doloribus aliquam.',3,'2019-03-09 19:13:27','2019-03-09 19:13:27'),('8d3b2594-25bb-4545-b7c2-005b432c2f11','42ae5fb0-6eae-478f-8d8e-6ac4e0b14ca0','Jackeline Ortiz','Id qui velit vel in in consequuntur minus. Iusto exercitationem fuga est est quo autem. Soluta ducimus saepe voluptas omnis. Rerum non fugit minus qui aut tempore.',0,'2019-03-09 19:13:27','2019-03-09 19:13:27'),('7310c07e-e833-44c7-bdd7-b0ec6868ee93','c9cbc831-3cc5-49ad-b5ea-77eaedcdf9a5','Miss Nelle Gleichner PhD','Aliquid dolore et perferendis qui consequatur. Sit magnam possimus inventore excepturi dolorem nobis inventore. Ut sint omnis dolor. Illum sit non aut nemo id ut officiis qui.',2,'2019-03-09 19:13:27','2019-03-09 19:13:27'),('48c4b8f0-c642-4625-8936-42d66c280c21','bc3d44d5-e429-46d4-9d15-b0b0d32e16e8','Prof. Samara Ondricka','Velit in ab fuga sed doloribus quia. Sunt excepturi qui sed. Et accusantium accusamus repellat sit voluptatum illum praesentium aut. Voluptate numquam neque ut quos ut cupiditate. Dolores sed exercitationem quam sit sunt.',4,'2019-03-09 19:13:27','2019-03-09 19:13:27'),('742dc093-cc82-481e-9d2d-74eb9356a384','a912556c-063f-43b5-871f-7840cc08b1f7','Amie Olson','Qui voluptatem et architecto et et iste. Velit tempora voluptas quas veritatis necessitatibus. Explicabo fugiat veniam natus non incidunt. Aliquid non placeat aut nam.',5,'2019-03-09 19:13:27','2019-03-09 19:13:27'),('fa9c3690-ae1f-464b-83de-44c6f2523779','ad9c9da0-a852-4af0-a467-a4428bf0acb8','Prof. Waylon Cruickshank Sr.','Vel magni et accusantium est. Est doloremque accusamus ducimus rerum dolore blanditiis nisi similique. Omnis asperiores et qui qui. Vel ratione rem soluta et totam explicabo repellat.',3,'2019-03-09 19:13:27','2019-03-09 19:13:27'),('817cec85-e426-40b8-b3f1-805251c9b469','03fbeb4c-6ccd-4d01-a049-bd507f1d2866','Sylvia Schaden','Rerum sunt alias ea harum et id. Provident quibusdam sint neque quos quo. Enim ut aliquid aliquid qui. Maxime aliquid omnis ad repellendus.',4,'2019-03-09 19:13:27','2019-03-09 19:13:27'),('bd29df94-60c5-4fab-a4b9-e8cc379ced83','2b18842b-e773-498b-ad87-28c835a05136','Dr. Mandy Wisoky V','Qui voluptates id necessitatibus. Qui libero possimus eum magni. Illum quo quis in ducimus. Error sequi voluptatem quia a quaerat modi rerum. Quia repellendus qui ad ullam.',4,'2019-03-09 19:13:27','2019-03-09 19:13:27'),('361c68b0-c5b2-4310-8386-1dff96f87b41','5e5872fe-fee5-4ea6-9861-4f16920df816','Dr. Collin Heller II','Nulla reiciendis aut quos rem aut eum sint. Sit minima amet reiciendis necessitatibus aspernatur. Exercitationem cumque voluptatibus reprehenderit sed. Enim rem accusamus aut inventore eum.',4,'2019-03-09 19:13:27','2019-03-09 19:13:27'),('d171aa16-c77b-48a5-9fad-58debce7cfe9','29046565-ad5c-410f-9fe3-9b0191888b1e','Aaliyah Frami I','Facilis velit aperiam ipsa sint maxime. Sapiente exercitationem ipsam quo neque asperiores quia. Harum fugit quos quos recusandae qui. Quis autem repellendus voluptas voluptas. Culpa fugit ut adipisci nesciunt consequatur aperiam ut.',4,'2019-03-09 19:13:27','2019-03-09 19:13:27'),('7f72c4dc-8386-41d2-ab01-457016b7d892','ad9c9da0-a852-4af0-a467-a4428bf0acb8','Mrs. Aryanna Keebler Sr.','Deleniti sapiente qui nostrum repellat at quae. Cupiditate voluptates rerum vitae omnis officiis soluta. Harum deserunt omnis maiores dicta fugiat.',2,'2019-03-09 19:13:27','2019-03-09 19:13:27'),('859833d6-078a-4bc9-a850-eb6e63db1ff5','bc3d44d5-e429-46d4-9d15-b0b0d32e16e8','Cydney Hayes','Eos eius iusto quis corporis ab aut dolorem sunt. Omnis nesciunt consectetur fugiat voluptatem reprehenderit sit.',2,'2019-03-09 19:13:27','2019-03-09 19:13:27'),('12b547f1-1ca5-42f3-a1de-75df0c7b55f1','ea086575-4a20-4426-b552-d80704ab3754','Fernando Goyette','Corporis sunt fugiat provident. Nulla aut recusandae sint. Est provident voluptatem qui vel quia necessitatibus eum voluptas.',0,'2019-03-09 19:13:27','2019-03-09 19:13:27'),('df81bd73-f959-4415-a763-a011e3316d65','af700341-bac1-41f1-94c6-dd284ef89e82','Jettie Larkin','Ab est eius vel repudiandae. Ea quia enim nobis minima laboriosam. Officia dolores labore enim dolores.',3,'2019-03-09 19:13:27','2019-03-09 19:13:27'),('231358d0-2763-4837-b851-868c84756c2b','3cda0723-d47d-4cd4-b1df-9098a74b0b7d','Dr. Hazel McCullough I','Veniam hic atque nihil eum. Minus dolorem natus dolores. Tempore quo voluptatum placeat iste. Rerum mollitia doloribus dolores aut ut ut.',2,'2019-03-09 19:13:27','2019-03-09 19:13:27'),('550c319c-b5de-4e32-8173-4d41697ad54d','c257aad2-cd3a-4626-a49a-6f1507c53ca9','Fiona Huel','Adipisci doloribus reiciendis blanditiis eum sed beatae vel. Iure ex et libero voluptates consequatur. Repudiandae ut suscipit eius laudantium molestiae sed enim.',2,'2019-03-09 19:13:27','2019-03-09 19:13:27'),('73cd444b-ec7d-4822-9ddf-b2b1768006a4','ad9c9da0-a852-4af0-a467-a4428bf0acb8','Joanie Zieme','Officiis asperiores facere aliquam qui illo autem. Occaecati rerum mollitia quidem distinctio. Laboriosam delectus est ipsa. Rem et dolores repellat praesentium minus voluptatem facilis nesciunt.',0,'2019-03-09 19:13:27','2019-03-09 19:13:27'),('0ab3a016-db0c-498b-8ccf-ca85016f9202','64f7f5ec-c0ac-475c-8337-f8edd76866f2','Brett Runolfsdottir I','Atque eum vel et neque. Omnis quia ea reiciendis beatae. Similique consectetur aperiam et dolorem unde optio.',5,'2019-03-09 19:13:27','2019-03-09 19:13:27'),('5dc2ef3d-7024-414f-8bf2-2a57d741e390','df4c7f7f-e8fc-44dd-8908-0e89b10d43f5','Dr. Roberta Hill','Rerum eligendi necessitatibus quam doloremque quia nihil. Et commodi laboriosam soluta nihil aut labore qui qui. Qui minima expedita ducimus officiis debitis. Accusantium voluptates corrupti est qui.',0,'2019-03-09 19:13:27','2019-03-09 19:13:27'),('a3dccc47-aa49-4d30-8c9f-ab414ed28337','daf55c10-78fb-4ae8-8a15-0d652f81f963','Tremayne Fahey','Accusamus ut minima sed qui. Officia consequatur ad libero hic. Fugit mollitia est rem odio ab reiciendis. Qui aut illo voluptatibus odio.',1,'2019-03-09 19:13:27','2019-03-09 19:13:27'),('0e340cb6-ee2c-4896-aaec-6fb1f21d01bd','027b4616-d484-41d8-86c6-d23a96323c07','Marjory Breitenberg II','Eius dignissimos in accusantium praesentium pariatur voluptas voluptatem sit. Laborum voluptas a laudantium atque iste voluptates et. Maiores voluptates ea alias sed quia eum consequuntur reiciendis.',2,'2019-03-09 19:13:27','2019-03-09 19:13:27'),('7dd19761-38a9-4c44-be1a-2c2c5202f48b','baba22e1-c1a1-418a-8418-54c09a08082e','Cydney Gutkowski','Aut sint reiciendis culpa possimus eos pariatur. Sunt ut sed quia nisi deleniti. Molestiae et officia iure et soluta similique. Fugiat autem quia eos delectus sunt id.',1,'2019-03-09 19:13:27','2019-03-09 19:13:27'),('04a97e21-8e62-4cea-8ba0-ee9a2c6c0d58','91579773-9c60-4bf1-9b4d-0172c5bfef16','Kali Pollich Jr.','Qui velit est sit. Voluptate aliquid qui a. Cum non rerum impedit blanditiis facilis dolorem at.',5,'2019-03-09 19:13:27','2019-03-09 19:13:27'),('b5d3bd8d-428a-48ff-b2d4-46b33368f7bc','52b2cd1f-38a3-44bf-bd9e-a16948cd4e29','Tina Kunze','Et dolor dicta rerum eligendi vel. Consequatur voluptas qui veritatis dolorum delectus minima. Accusantium ratione voluptas qui fugit quidem. Reprehenderit rerum ea facilis inventore vitae.',2,'2019-03-09 19:13:27','2019-03-09 19:13:27'),('87691579-2d90-4c8b-bbe8-5ef40119e323','64fdabb5-6d95-40ac-8962-c4bf83712532','Vanessa Upton','Ipsa est corporis quasi reprehenderit labore delectus. Non autem distinctio et dolor sit. Similique consequatur vitae omnis. Nisi dolorum doloremque repudiandae laudantium non et sunt.',1,'2019-03-09 19:13:27','2019-03-09 19:13:27'),('7c988d40-91f9-4d52-acdf-30b073370c88','3cda0723-d47d-4cd4-b1df-9098a74b0b7d','Mrs. Bridie Langosh','Doloribus sapiente est cumque ipsa. Tenetur nihil vitae nemo itaque minima eum commodi. Sed est eaque autem voluptates aut quibusdam quidem.',2,'2019-03-09 19:13:27','2019-03-09 19:13:27'),('c3a9ada6-8a7c-4f61-9591-693b9e4919ed','a912556c-063f-43b5-871f-7840cc08b1f7','Johnson Olson','Ipsum sit dolor culpa qui magni. Iste aut maxime laboriosam fugit nostrum. Quia tempore voluptatum dolores sunt et et.',4,'2019-03-09 19:13:27','2019-03-09 19:13:27'),('aa82dfb8-b55a-4ced-baa2-84fb7d7c5428','3705ec2f-29e8-4d64-aba8-62ebe612b098','Claud Hoppe','Vel exercitationem autem non sint quisquam recusandae nam. Animi eveniet doloribus iste consectetur pariatur. Maiores nihil in sapiente est molestiae. Quos non itaque impedit labore similique.',2,'2019-03-09 19:13:27','2019-03-09 19:13:27'),('d95a3906-59b9-4cad-8e57-ce0359cb922f','357fc132-7c55-4f24-9020-cecc85190221','Prof. Laury Kuhn','Sapiente voluptate eaque vitae. Voluptatum corrupti nobis consequatur delectus. Et veniam vitae rerum quasi facere et autem corrupti. Similique aut nam consequatur aliquid fuga nisi et.',0,'2019-03-09 19:13:27','2019-03-09 19:13:27'),('976c4832-5021-4dee-8753-c0b915948d2a','91579773-9c60-4bf1-9b4d-0172c5bfef16','Franco Bayer','Voluptatibus exercitationem voluptates illo eveniet et corrupti. Placeat aut at architecto dolores dolor itaque. Asperiores adipisci ipsam quam cum. Sunt nisi nisi non molestias dolor.',0,'2019-03-09 19:13:27','2019-03-09 19:13:27'),('83654832-73a6-4d6b-8edb-004d12a83318','91f6620b-7623-49a9-b359-ba9eb6c8b47a','Dr. Reba Waters','Debitis iure eos odio soluta esse et. Totam quaerat qui et natus. Facilis aperiam necessitatibus perspiciatis et odit et.',5,'2019-03-09 19:13:27','2019-03-09 19:13:27'),('d06c3420-3f3b-4aa7-a367-9bead633c7ac','027b4616-d484-41d8-86c6-d23a96323c07','Ulises Crona II','Deleniti sint sit non aperiam. Ex facilis illo eos alias accusantium. Sit optio debitis qui velit. Provident sit odio nemo cupiditate adipisci nobis vel.',1,'2019-03-09 19:13:27','2019-03-09 19:13:27'),('2548f6c2-9d53-42b4-8f30-c91b4bbc0dfc','e82a303b-82c2-4088-b58a-2133fc60f96a','David Boyle','Amet eum enim aut est. Incidunt commodi quia qui. Quia voluptatibus quisquam sapiente quaerat. Et quasi facilis laboriosam dolores magnam.',2,'2019-03-09 19:13:27','2019-03-09 19:13:27'),('6da8713f-87ae-4f8d-a2d9-f235a98d0cd1','e82a303b-82c2-4088-b58a-2133fc60f96a','Candice Harvey','Non aut eius mollitia autem. Eos ut enim laboriosam repellat consequuntur. Alias qui temporibus nulla distinctio voluptate. Excepturi ut dolorum officiis veniam officia in vitae et.',2,'2019-03-09 19:13:27','2019-03-09 19:13:27'),('ce7aa3f2-91df-4697-aa89-7e76aec210ff','daf55c10-78fb-4ae8-8a15-0d652f81f963','Mr. Pierre Raynor DVM','Debitis tenetur autem aut ea eius id voluptatem. Eum occaecati voluptates aut explicabo quod itaque voluptas. Id magni ipsam dolorem quia ea. Est reprehenderit cupiditate placeat aliquid facilis dolores voluptatem.',0,'2019-03-09 19:13:27','2019-03-09 19:13:27'),('8b3d1e02-0369-435a-99b0-48d5bda028ef','c9cbc831-3cc5-49ad-b5ea-77eaedcdf9a5','Missouri Welch MD','Temporibus sint nemo quis facilis nihil id quasi. Aliquam id sit harum occaecati nam. Excepturi cumque occaecati labore delectus sint nihil et aut.',2,'2019-03-09 19:13:27','2019-03-09 19:13:27'),('d5d0c881-d1e1-4ffb-b982-e6d8f9349e63','0c8934c2-f683-4694-999b-5f4b1382a24f','Rita McClure','Dolores dignissimos culpa ea. Recusandae culpa magni pariatur molestias ut eaque recusandae molestiae. Iste facere blanditiis recusandae non velit perspiciatis. Et distinctio eaque optio officiis non ut.',2,'2019-03-09 19:13:27','2019-03-09 19:13:27'),('f98c64e3-297e-4021-8740-210da8a3b3d3','91f6620b-7623-49a9-b359-ba9eb6c8b47a','Jayson Feil','Voluptatum provident inventore voluptas earum culpa quas. Iste non quaerat id nam. Dicta cum consequatur laborum ab quod accusamus sequi. Aperiam incidunt deserunt error quia ut aspernatur est.',5,'2019-03-09 19:13:27','2019-03-09 19:13:27'),('3f9d2d23-5a96-4e01-9688-cf711b770b7d','9010102a-c57c-4f47-b783-634dad582114','Dr. Sterling Goldner','Nostrum omnis enim nesciunt ipsum aut eveniet. Quis aperiam reprehenderit aperiam sint et consequatur nostrum dolores. Iusto ratione autem consequatur mollitia accusantium esse eos dicta. Quas enim ut molestias sit.',5,'2019-03-09 19:13:27','2019-03-09 19:13:27'),('f0dc45d0-9150-4166-8062-8b46a8002407','a912556c-063f-43b5-871f-7840cc08b1f7','Mrs. Sierra Gibson II','Aut blanditiis qui id tenetur at qui quis. Qui aut sed omnis beatae quia exercitationem. Quia dolore ea eius voluptates. Rem dolorem autem reprehenderit perspiciatis.',0,'2019-03-09 19:13:27','2019-03-09 19:13:27'),('c613a0ab-b7ea-4792-8c6e-374084e62bc0','c257aad2-cd3a-4626-a49a-6f1507c53ca9','Regan Boyle','Quam debitis id non et error alias. Autem ad et quibusdam distinctio facere. Dignissimos aut doloribus quas cumque voluptatem nisi harum. Voluptatem sit in deserunt minima quod eius dolorum molestias. Quos nulla pariatur enim rerum.',5,'2019-03-09 19:13:27','2019-03-09 19:13:27'),('21683935-b5f1-4e36-b8a1-5a9e12fa8601','e82a303b-82c2-4088-b58a-2133fc60f96a','Americo Douglas','Eos ullam ab autem debitis. Non a magnam temporibus architecto officiis libero blanditiis. Non impedit molestiae sint aut. Est asperiores id error nostrum aut.',3,'2019-03-09 19:13:27','2019-03-09 19:13:27'),('ddcc9257-7335-4740-9d8d-efd0bb42e80a','261efce7-4097-497f-b7cd-fdaa4a65272a','Tad Mayert I','Labore sit est ut natus fugit et placeat. Eaque id reprehenderit aut eum quam molestiae. Voluptatem minus facere laudantium sint. Aut unde quia quam nemo dolor dolorum inventore.',3,'2019-03-09 19:13:27','2019-03-09 19:13:27'),('94f37198-4bb4-4b71-8264-97a74b935d69','0166baa2-8558-4be5-b375-3c53d983a704','Mrs. June Jones Sr.','Adipisci modi iure unde quasi in eos ut. Nisi ipsam aut doloremque. Dolore at dolores ullam exercitationem. Reiciendis ad tempore aut.',0,'2019-03-09 19:13:27','2019-03-09 19:13:27'),('560f0936-758d-4e8b-bfcd-c72c3c2ecbb5','bc3d44d5-e429-46d4-9d15-b0b0d32e16e8','Holly Cassin','Sed repellendus vitae dolorum expedita autem. Eum laudantium et eligendi facere voluptatem eius nam. Est explicabo tempora qui maxime quas veritatis expedita. Illum ea dolorem assumenda qui molestiae natus occaecati. Quas nulla dolores dolorem nihil laboriosam assumenda sunt.',3,'2019-03-09 19:13:27','2019-03-09 19:13:27'),('7bf87057-c06d-450e-91cc-4cac30762e7f','344ee10a-fc79-4427-b16d-894db7f04470','Ezra Mante','Vitae qui distinctio repudiandae atque. Accusantium eos reprehenderit laborum excepturi sint quia assumenda. Eaque ullam voluptate molestias quidem in.',1,'2019-03-09 19:13:27','2019-03-09 19:13:27'),('6df0952a-acfd-4606-8422-a6fe0351d2f8','99b5c067-b2b9-4693-9a5f-08ef9b7a6fdb','Prof. Terence Feest DDS','Odit aperiam ut cum non. Quia quo et reiciendis est reiciendis. Magni voluptatibus exercitationem rem qui praesentium quisquam. Ut repudiandae exercitationem dignissimos soluta dolore esse ut.',3,'2019-03-09 19:13:27','2019-03-09 19:13:27'),('94ed63ce-0009-4c9d-b95f-14475109e268','e82a303b-82c2-4088-b58a-2133fc60f96a','Loraine Kilback','Magnam qui cum vero nam et iste et. Quis dolorem est quia voluptatem. Voluptatem aperiam perspiciatis maiores non.',3,'2019-03-09 19:13:27','2019-03-09 19:13:27'),('023a60d7-14ad-419d-bd52-234cf3e723b5','c9cbc831-3cc5-49ad-b5ea-77eaedcdf9a5','Stefan Hoeger','Minus deleniti dolores et qui. Error ab rem qui culpa commodi nisi.',4,'2019-03-09 19:13:27','2019-03-09 19:13:27'),('61fa29ac-895d-4652-a8ff-07dd5c6abc58','0c8934c2-f683-4694-999b-5f4b1382a24f','Verner Pfeffer','Sed quasi sunt quaerat delectus iusto culpa quia. Amet sint provident minima quia. Dolor vel vel aliquid et qui qui. Alias quia inventore omnis est quia accusamus.',5,'2019-03-09 19:13:27','2019-03-09 19:13:27'),('5fc306f7-6887-467c-9751-d4b87168a216','41458fda-d2b1-42d8-883b-604dee20f3a6','Prof. Euna Ryan Sr.','Eum enim at dignissimos earum quidem et. Expedita ex est ullam assumenda consequatur. Doloremque fuga perferendis architecto iusto ut veniam.',0,'2019-03-09 19:13:27','2019-03-09 19:13:27'),('851be745-291f-4f5a-a508-7058b1bd1db5','91579773-9c60-4bf1-9b4d-0172c5bfef16','Jon Bode','Autem eos voluptatem ipsam labore. Deleniti reprehenderit nihil velit non neque maxime. Ullam explicabo fugiat consequatur voluptatem ut fuga.',1,'2019-03-09 19:13:27','2019-03-09 19:13:27'),('48bfaa48-d366-43c1-a090-f6551deeb8fe','af700341-bac1-41f1-94c6-dd284ef89e82','Cordia Simonis PhD','Et autem delectus quis in ullam blanditiis. Exercitationem laudantium voluptatem non laborum fugit adipisci voluptatem. Assumenda cumque eum occaecati similique id.',4,'2019-03-09 19:13:27','2019-03-09 19:13:27'),('6fef5652-30fd-491f-ad78-37609cf03ae3','534a2290-75b4-451c-ba88-2dba66997cfd','Mia Fadel I','Amet hic eveniet alias dolor molestiae pariatur quaerat. Voluptatem aut sapiente sit assumenda tenetur et nemo. Debitis qui voluptate iure ut omnis odit.',5,'2019-03-09 19:13:27','2019-03-09 19:13:27'),('fbb152e9-2f94-4d7a-9974-ec47a64f1580','cc6685e3-1a32-46ce-a2bd-23a540646c1c','Myah Hand II','Nihil omnis ea possimus aliquam. Et nobis dolore labore. Esse vel cum rem illum rerum ab qui. Perferendis expedita nemo itaque id iste quisquam natus.',5,'2019-03-09 19:13:27','2019-03-09 19:13:27'),('b6fbe068-5e16-424d-b608-99246066eb3c','ea086575-4a20-4426-b552-d80704ab3754','Alexandra Abshire','Soluta nisi dolor quod vero perspiciatis consequuntur. Odio voluptas et dolor corporis vero. Perspiciatis at in dolor ipsa incidunt. Voluptas ut et rem natus voluptatibus ullam.',4,'2019-03-09 19:13:27','2019-03-09 19:13:27'),('3d8c81ac-47f5-46ce-a444-a24724a77181','71eea880-18b6-453b-bb27-dd58d08df130','Name Sanford','Veritatis fugiat totam labore aspernatur. Hic accusantium laboriosam quis maxime quo inventore voluptate ullam. Dolorem mollitia odio eligendi accusamus.',3,'2019-03-09 19:13:27','2019-03-09 19:13:27'),('a735a21e-bb24-4299-b89d-6a80f4594cba','34bcceac-1081-4708-99a3-8638ca3ddd92','Leonard Leannon','Et atque autem illo quod et. Temporibus vero blanditiis alias. Nihil recusandae cumque est voluptatum aut. Aut rerum expedita soluta eos laboriosam.',1,'2019-03-09 19:13:27','2019-03-09 19:13:27'),('5830927d-f8cb-496d-b7df-679adfa157a1','bb8d2d28-04bb-4853-b516-a4ab0f99eff8','Mathew Sporer','In ipsa omnis hic enim et. Facere in sunt esse eum suscipit vero ducimus ea. Quia et ratione mollitia eum ea est magni. Vero perferendis inventore iure dolores eum. Vitae non eum quam.',3,'2019-03-09 19:13:27','2019-03-09 19:13:27'),('b6e633ae-d75f-41d2-bafe-db77fe614d10','c257aad2-cd3a-4626-a49a-6f1507c53ca9','Mr. Nathen Murphy','Voluptatem tenetur iste quis ratione cumque soluta nam. Non officiis velit ut ratione impedit sequi. Ut nostrum officiis quaerat necessitatibus. Aut id est aut velit quis.',0,'2019-03-09 19:13:27','2019-03-09 19:13:27'),('fa836680-e240-433a-ad2a-a3eee0c94b59','0166baa2-8558-4be5-b375-3c53d983a704','Prof. Laney Treutel','Eius sit quo facilis sit ipsam quibusdam non sunt. Vitae nisi ducimus voluptate similique dolor voluptas vero. Et veniam dolorem porro minima et recusandae. Qui eaque quia libero voluptas.',2,'2019-03-09 19:13:27','2019-03-09 19:13:27'),('6d1b1742-a9b2-4990-b01e-19abec6cb608','027b4616-d484-41d8-86c6-d23a96323c07','Katrina Langworth','Ex qui nemo voluptatem officiis tenetur. Et laborum quidem voluptatem ratione sed neque tenetur. Inventore rem ex eaque temporibus dolores id.',4,'2019-03-09 19:13:27','2019-03-09 19:13:27'),('242b7475-5e41-459b-8910-eed6e84625d4','e97e5306-7b68-4efb-9112-8cc86d0fd466','Mr. Angelo Rowe III','Non enim numquam totam ullam et unde ex amet. Nulla in maxime inventore aspernatur voluptatibus aut veniam iure. Ullam quia quae et hic quia. Distinctio sit nihil vero veritatis perferendis.',0,'2019-03-09 19:13:27','2019-03-09 19:13:27'),('3a84bc52-7e6b-4a83-ab54-a313ee87df55','ea086575-4a20-4426-b552-d80704ab3754','Benedict Davis DDS','Ea ullam vel alias esse odio voluptates numquam ut. Nulla neque voluptate expedita. Ut libero voluptatem iure in quis commodi quos. Molestiae ut fugit est quo saepe.',1,'2019-03-09 19:13:27','2019-03-09 19:13:27'),('214c44ad-6b9c-45ef-940a-8e39d6194329','5e5872fe-fee5-4ea6-9861-4f16920df816','Kenna Nienow','Sequi corporis ipsam voluptatum numquam sed expedita debitis. Neque ipsa quisquam quidem est delectus a est. Est et voluptate aperiam deleniti est aut. Nostrum dolores laboriosam distinctio.',0,'2019-03-09 19:13:27','2019-03-09 19:13:27'),('07794de1-2057-472e-85ac-0f65ad63a76b','0c8934c2-f683-4694-999b-5f4b1382a24f','Dr. Otha Friesen II','Est est aperiam ut adipisci laudantium sequi exercitationem. Aut dolorum amet maiores numquam. Vitae aliquid sed repellendus maiores velit sit. Saepe expedita ut sit distinctio omnis doloremque. Voluptatem amet in excepturi ipsa nesciunt quo repellendus.',3,'2019-03-09 19:13:27','2019-03-09 19:13:27'),('1f55398f-bbeb-442c-85d6-66a152771959','cc6685e3-1a32-46ce-a2bd-23a540646c1c','Jadyn Mayert MD','Voluptatibus saepe et eligendi voluptas. Consequuntur atque sint est sit. Dignissimos et magnam eos fugiat. Sunt fugit explicabo ab saepe beatae iste et. Modi rerum qui ut.',3,'2019-03-09 19:13:27','2019-03-09 19:13:27'),('bcd1fcc5-85e4-425b-b1d0-15cff85acb47','03fbeb4c-6ccd-4d01-a049-bd507f1d2866','Prof. Cydney Gutmann','Placeat laboriosam aut alias voluptas minus rem hic. Sequi doloribus non distinctio harum ratione. Sit recusandae voluptatum occaecati cum doloribus itaque earum.',3,'2019-03-09 19:13:27','2019-03-09 19:13:27'),('12795c2b-c038-44b7-8564-61eea4dcd762','e97e5306-7b68-4efb-9112-8cc86d0fd466','Torey McDermott','Autem expedita cum eos id est. Ab esse voluptatem est perferendis. Pariatur tempore aut neque consequatur iste quia sit. Molestiae aut inventore a veritatis aut illo.',4,'2019-03-09 19:13:27','2019-03-09 19:13:27'),('00f63b18-161d-47d5-b776-378de9b2e851','344ee10a-fc79-4427-b16d-894db7f04470','Braulio Boehm','Atque voluptatum ipsum eos nostrum asperiores. Repellat ex nisi ducimus. Deleniti explicabo consequuntur quia exercitationem alias amet quaerat. Maiores recusandae suscipit et perspiciatis reiciendis debitis eum quo.',0,'2019-03-09 19:13:27','2019-03-09 19:13:27'),('a1f84c98-c440-443c-8deb-e1f8690e8a78','344ee10a-fc79-4427-b16d-894db7f04470','Mr. Royal Hackett','Sed quaerat accusamus et et omnis. Facilis minus consequuntur atque et modi voluptatibus maxime. Aspernatur repellendus delectus impedit minus ut mollitia qui. Qui aspernatur dolores at fugit consectetur exercitationem ut nulla. Quo quae eos laborum natus quo deserunt.',2,'2019-03-09 19:13:27','2019-03-09 19:13:27'),('67b3689f-59ce-4e9d-8e13-7881e126309f','64f7f5ec-c0ac-475c-8337-f8edd76866f2','Mr. Bertram Lynch','Vitae dolores sequi quidem quas voluptates deserunt. Repellendus dolore quo assumenda fuga.',2,'2019-03-09 19:13:27','2019-03-09 19:13:27'),('2b5ef10b-84d9-4672-a4f5-b4a2a7dd0c15','ea086575-4a20-4426-b552-d80704ab3754','Miss Elvie Murphy III','Eum soluta similique ut ullam qui sapiente. Perferendis ipsam nam velit quod deserunt itaque debitis. Est voluptates ipsa et hic.',2,'2019-03-09 19:13:27','2019-03-09 19:13:27'),('c97afce4-2df8-46fa-8f77-168bef8d0648','64fdabb5-6d95-40ac-8962-c4bf83712532','Shania Aufderhar','Provident enim a occaecati aut et voluptas at. Distinctio voluptatibus ea delectus at aut. Reprehenderit recusandae commodi enim accusamus autem.',4,'2019-03-09 19:13:27','2019-03-09 19:13:27'),('d4936eb5-e7bc-4556-8591-393bf8ec07fc','0c8934c2-f683-4694-999b-5f4b1382a24f','Enos Larkin','Est voluptatem reiciendis nobis vitae ut iure aut nihil. Nihil atque non ex sit quod. Porro quia tenetur aut assumenda quos ad voluptatibus vel. Quis necessitatibus ut velit delectus. Dolorum rerum necessitatibus maxime dolor sit.',2,'2019-03-09 19:13:27','2019-03-09 19:13:27'),('82f65173-d541-4c94-9428-7fd267f7057e','6ee0efe1-ef45-4028-8ea1-949ca255820e','Sibyl Torphy','Quo necessitatibus ullam ut earum ad mollitia est quibusdam. Repellendus laborum quo consequatur voluptatem enim est. Ut minus voluptatum fugit veniam laborum totam magni mollitia.',0,'2019-03-09 19:13:27','2019-03-09 19:13:27'),('a3f87a6e-eee9-4225-9ea8-be8ee2eb7716','d34c33d8-b778-457d-b6f3-2030de75db08','Aniya Pacocha Jr.','Ut eum itaque quis quibusdam eaque. Soluta nobis odit sapiente ut id minima dicta. Enim laborum vitae fuga quis velit voluptatibus dolorum. Optio autem et veritatis error.',4,'2019-03-09 19:13:27','2019-03-09 19:13:27'),('3b69d5c0-1964-449b-bdf3-8ed3c7f4f512','baba22e1-c1a1-418a-8418-54c09a08082e','Dr. Kaitlyn Halvorson DDS','Reprehenderit et et in doloremque deleniti saepe. Accusamus magnam fuga numquam non nam ducimus ex tempore. Accusantium ab soluta illum delectus. Aspernatur hic est fugiat quo aliquam.',3,'2019-03-09 19:13:27','2019-03-09 19:13:27'),('eabc1ef3-4a95-4eb6-bbc5-58dd628673e8','e82a303b-82c2-4088-b58a-2133fc60f96a','Cordell Emmerich','Voluptas ut aut vel dolores suscipit quaerat ut. Sint numquam quod fugit expedita impedit iure voluptatem consequuntur. Sint reiciendis dolor nulla temporibus hic sint illum.',3,'2019-03-09 19:13:27','2019-03-09 19:13:27'),('87a14861-b11e-4fe7-b221-e5c4033c8c42','91579773-9c60-4bf1-9b4d-0172c5bfef16','Dayna Jast','Ut laboriosam saepe porro error consectetur delectus id. Omnis voluptas reiciendis quo error accusamus est officia quibusdam. Possimus error eum maxime at ea architecto nobis.',2,'2019-03-09 19:13:27','2019-03-09 19:13:27'),('e084a304-c3ca-4306-a8ab-66e911315d30','027b4616-d484-41d8-86c6-d23a96323c07','Heaven Zemlak','Quo voluptas in porro est sint. Ratione qui quo at dolore facere. Sunt temporibus soluta earum ut.',4,'2019-03-09 19:13:27','2019-03-09 19:13:27'),('6e999f97-de25-41e8-84b9-3594a94e2e21','5e5872fe-fee5-4ea6-9861-4f16920df816','Kelsie Rosenbaum','Repellat rerum sed voluptatem iusto error qui. Perspiciatis et placeat nostrum voluptatem. Debitis ut repellat voluptatem reiciendis veritatis.',5,'2019-03-09 19:13:27','2019-03-09 19:13:27'),('f76b19dc-9f19-434f-96d6-27a4806073d4','9010102a-c57c-4f47-b783-634dad582114','Dr. Ross Emmerich','Nemo impedit sed id tenetur. Doloribus qui quidem qui nihil et quia.',5,'2019-03-09 19:13:27','2019-03-09 19:13:27'),('d16d04a0-7de1-4244-affb-5c86da27b6ef','0a37f7d7-c359-4d51-beb0-6af905c9d8d4','Heaven Smitham III','Enim est velit velit dolor. Ab voluptates suscipit ex itaque consequatur velit libero. Dolor explicabo recusandae distinctio consequatur. Autem dignissimos est sit et autem cum ducimus corrupti.',5,'2019-03-09 19:13:27','2019-03-09 19:13:27'),('408dc660-4995-4d79-933e-c6f242743e5f','baba22e1-c1a1-418a-8418-54c09a08082e','Tiana Johnston','Voluptatibus nostrum et adipisci cumque reiciendis. Distinctio sint et eum molestiae ullam. Quod in dolor consequuntur perferendis. Inventore saepe consequatur rerum exercitationem quae.',4,'2019-03-09 19:13:27','2019-03-09 19:13:27'),('768e83a9-ead3-4cbe-8ec3-2d0857646587','42ae5fb0-6eae-478f-8d8e-6ac4e0b14ca0','Modesto Hermann','Tempora modi iure labore facilis dignissimos nemo. Et optio dolorem dolores eos amet voluptatem a iste. Libero nemo dolorem voluptate quisquam magni.',3,'2019-03-09 19:13:27','2019-03-09 19:13:27'),('f73f801f-c399-4476-be9f-56e6ac7bda73','0c8934c2-f683-4694-999b-5f4b1382a24f','Damian Kunze','Cupiditate quod vero eius mollitia. Sed ex ut suscipit eligendi aut. Omnis saepe cumque deserunt dolor commodi aut. Voluptas rerum amet nisi quam sint officiis. Qui eos officiis nesciunt exercitationem quisquam consequatur in.',5,'2019-03-09 19:13:27','2019-03-09 19:13:27'),('b3039730-d7c6-4778-8dca-900c5a7511a7','2b18842b-e773-498b-ad87-28c835a05136','Abbigail Langworth','Recusandae dolore commodi est et ex soluta cum. Quibusdam dolores facilis et nihil eum est.',0,'2019-03-09 19:13:27','2019-03-09 19:13:27'),('ae413341-1af4-4d37-9e61-acad73801d91','4bf0d1fa-1946-4bdc-85be-2a67c34bf2b1','Teagan Fahey','Iure omnis repellendus blanditiis consequatur necessitatibus eos. Cum corporis ratione dolorem et mollitia sunt et.',1,'2019-03-09 19:13:27','2019-03-09 19:13:27'),('de8f4038-2e63-439f-b63a-bfe422a52cb0','64fdabb5-6d95-40ac-8962-c4bf83712532','Cyrus Schuster II','Aut aut sit iusto. Voluptates voluptate optio sit quisquam perspiciatis ipsum ut blanditiis. Enim at incidunt error placeat illo aspernatur autem. Labore quo nisi qui.',4,'2019-03-09 19:13:27','2019-03-09 19:13:27'),('46456e87-f4f3-4596-91a8-264ac742c398','89caeace-ba40-4d73-8ac3-afe8126ae312','Salvador Glover','Cumque ab dolorum et id occaecati sunt nemo qui. Occaecati voluptatem quos ea nesciunt totam provident at. Excepturi molestias iure similique.',5,'2019-03-09 19:13:27','2019-03-09 19:13:27'),('3d8c6d11-dd15-4f55-9f76-040270d04888','534a2290-75b4-451c-ba88-2dba66997cfd','Elmo Bogisich','Tempora et eum rerum enim alias qui numquam consequuntur. A rerum nulla eaque ea praesentium. Dolorum aut quas ab qui quos non.',3,'2019-03-09 19:13:27','2019-03-09 19:13:27'),('a7013fe6-221e-475b-8cc7-759fcfb48af8','64fdabb5-6d95-40ac-8962-c4bf83712532','Rubie Stokes','Veritatis qui eos rerum corrupti aut. Ratione minus dolores velit quo doloremque. Odio non dignissimos et qui nihil rerum aliquam.',0,'2019-03-09 19:13:27','2019-03-09 19:13:27'),('b5733d51-38cf-4da4-899a-2c7edb6ae83f','64fdabb5-6d95-40ac-8962-c4bf83712532','Mr. Ethan Lynch','Veritatis tempore tempore ut esse est. Dolorem aliquid dolores sed ut accusamus delectus.',4,'2019-03-09 19:13:27','2019-03-09 19:13:27'),('b2f21e6d-e03d-4038-a559-a6d91b830243','bc3d44d5-e429-46d4-9d15-b0b0d32e16e8','Jorge Dickens','Libero nam qui cupiditate sit error. Ut voluptas beatae explicabo sequi veniam dolores ea. Dolor molestiae omnis harum harum fugit ullam. Ab rem voluptas in et et.',3,'2019-03-09 19:13:27','2019-03-09 19:13:27'),('45b11109-b39d-4e18-8e67-0ec1a1318cc9','41458fda-d2b1-42d8-883b-604dee20f3a6','Ricky Lakin','Dolorem est adipisci consequatur fugit. Quos expedita debitis natus deserunt temporibus et sunt. Quia corporis totam laborum dolorum nihil et quasi aut. Voluptatem omnis illo maiores quo.',1,'2019-03-09 19:13:27','2019-03-09 19:13:27'),('4592c36e-c8e3-4cbb-b205-e80cf9565a64','0c8934c2-f683-4694-999b-5f4b1382a24f','Prof. Kaela Halvorson','Quia est et rem deleniti reprehenderit. Voluptas consequatur non voluptates. Dicta vero atque autem eaque.',2,'2019-03-09 19:13:27','2019-03-09 19:13:27'),('0c226e2c-a4da-4e91-b95f-569402740c6e','c9cbc831-3cc5-49ad-b5ea-77eaedcdf9a5','Kenna Kutch','Placeat in magnam architecto quae aspernatur quasi. Sit dolor fuga minima velit. A qui beatae dicta eum nemo. Omnis facilis dolor nam hic saepe quia. Dolor sit consequatur tempora veniam vitae.',0,'2019-03-09 19:13:27','2019-03-09 19:13:27'),('9f3f7a56-8323-4617-b4c7-5d1be290e10a','0166baa2-8558-4be5-b375-3c53d983a704','Akeem McDermott','Dolores esse sunt quasi qui aut. Optio neque provident qui optio illo expedita. Accusantium ut est ut cumque. Omnis eius omnis libero.',1,'2019-03-09 19:13:27','2019-03-09 19:13:27'),('5ca10de8-a342-4441-9b2a-bb87356ccc3f','e97e5306-7b68-4efb-9112-8cc86d0fd466','Hertha Sawayn','Sed harum vel quod. Doloremque et sed non non sit. Magni illo nam distinctio ut sint eveniet. Et eaque voluptatem quisquam et. Officiis et praesentium non in libero ab amet.',0,'2019-03-09 19:13:27','2019-03-09 19:13:27'),('6d2de2e4-9140-4125-9418-e90cb82249c4','a912556c-063f-43b5-871f-7840cc08b1f7','Kayden Keeling','Incidunt in id architecto atque sit quia. Earum necessitatibus sed culpa ut. Dolorem et eaque et esse. Sint tempore non quo.',1,'2019-03-09 19:13:27','2019-03-09 19:13:27'),('081a0c47-9195-48ad-b81e-e17c6c3ee333','bc3d44d5-e429-46d4-9d15-b0b0d32e16e8','Prof. Lukas Bednar','Amet veritatis sed voluptas quia tempore. Dolor id rem et expedita iusto omnis. Amet dicta in consequatur quia omnis sed ut minus. Ut saepe facilis dolorem dolor libero cumque itaque. Aut est molestiae non at optio adipisci.',4,'2019-03-09 19:13:27','2019-03-09 19:13:27'),('7a651d96-cdd1-4b47-948e-c8f9fabffb1e','e97e5306-7b68-4efb-9112-8cc86d0fd466','Mr. Coty Herzog','Aut culpa delectus inventore. Qui nesciunt vel ipsa nam odio accusamus praesentium. Temporibus autem assumenda provident nostrum saepe rerum.',3,'2019-03-09 19:13:27','2019-03-09 19:13:27'),('4a227221-00b3-407c-8c75-faf723559099','4bf0d1fa-1946-4bdc-85be-2a67c34bf2b1','Alex Block MD','Fugiat qui quo esse consequatur. Laudantium officia totam error accusantium dolor omnis praesentium nostrum. Sunt magni dolore reprehenderit.',5,'2019-03-09 19:13:27','2019-03-09 19:13:27'),('ecd861fa-636e-478a-9f61-024c1acd54c3','3cda0723-d47d-4cd4-b1df-9098a74b0b7d','Timmothy Pagac','Consequatur qui optio est maiores voluptas quia odit amet. Officiis aut minima culpa consequatur sit et non eligendi. Sit rem fugit aperiam ratione deleniti vitae. Ut deserunt dolore aut provident repellat eligendi.',4,'2019-03-09 19:13:27','2019-03-09 19:13:27'),('069fbe90-0123-4ac4-ad65-79c2926e7423','64f7f5ec-c0ac-475c-8337-f8edd76866f2','Fletcher Price','Animi atque est accusamus modi autem et quia. Fugit dolor sint aspernatur fugiat consequuntur pariatur eaque. Voluptates eum eaque corporis optio sed doloremque iure et.',2,'2019-03-09 19:13:27','2019-03-09 19:13:27'),('999143b7-78c2-43b8-88e0-d0c6242a643d','ea086575-4a20-4426-b552-d80704ab3754','Euna Ritchie','Blanditiis eius beatae et saepe numquam libero enim. Enim ullam error quis. Deleniti eius dolorum error blanditiis. Aut labore enim eius numquam.',3,'2019-03-09 19:13:27','2019-03-09 19:13:27'),('a6842f7e-c1a3-45dc-bdca-9c17f060de9f','64f7f5ec-c0ac-475c-8337-f8edd76866f2','Shyanne Padberg','Omnis laudantium aut sequi id doloremque minima quia. Et sint odit quia itaque. Ut minus repellendus sed. Officiis dolorum eaque consectetur saepe.',1,'2019-03-09 19:13:27','2019-03-09 19:13:27'),('436b9c35-3307-4c05-99a6-fd7fb64f1a79','0c8934c2-f683-4694-999b-5f4b1382a24f','Ms. Alize Nienow','Dolor a velit culpa. Voluptatem incidunt qui adipisci exercitationem hic. Vel est aut nemo necessitatibus. Unde repudiandae cumque consequuntur voluptas omnis alias sapiente cupiditate.',3,'2019-03-09 19:13:27','2019-03-09 19:13:27'),('f046583a-a100-4ccf-bae3-4de79457a109','daf55c10-78fb-4ae8-8a15-0d652f81f963','Dr. Augustus Fahey','Quae odio itaque quis in aut qui necessitatibus. Iure voluptatem qui deleniti et sed qui. Et aut ducimus velit sed dolorum. Harum provident facilis provident unde voluptatem qui sapiente commodi.',3,'2019-03-09 19:13:27','2019-03-09 19:13:27'),('11a58c43-34d8-41e9-acc3-35eb764521ff','91f6620b-7623-49a9-b359-ba9eb6c8b47a','Zoe Quigley','Tenetur assumenda et qui pariatur. Doloribus explicabo optio non quia. Consequatur earum natus illum possimus.',0,'2019-03-09 19:13:27','2019-03-09 19:13:27'),('266257bc-4841-452e-a119-90173c45f6bb','261efce7-4097-497f-b7cd-fdaa4a65272a','Mr. Junius Balistreri Jr.','Laboriosam sit perferendis ex alias voluptate. Praesentium unde illo reprehenderit a voluptatibus impedit qui tempore. Suscipit laboriosam neque sapiente ut asperiores architecto.',3,'2019-03-09 19:13:27','2019-03-09 19:13:27'),('0f6eb592-2641-4fdd-ba53-ec6439b6ccc7','344ee10a-fc79-4427-b16d-894db7f04470','Ms. Bridget Reichel II','Cumque ipsa veniam aut deleniti ea rerum. Ipsum nihil quaerat omnis optio nihil blanditiis odio. Repudiandae est ut qui nulla.',4,'2019-03-09 19:13:27','2019-03-09 19:13:27'),('cfcfffd5-85c8-47b0-9cd9-104c1e856afc','bc3d44d5-e429-46d4-9d15-b0b0d32e16e8','Buddy Ullrich','Occaecati cum earum ducimus iusto quis ut asperiores. A laboriosam possimus distinctio ut est hic. Dolorum quia et adipisci qui amet rerum temporibus. Dolor nostrum beatae beatae et commodi ducimus.',0,'2019-03-09 19:13:27','2019-03-09 19:13:27'),('dd9a02f8-85a6-4375-a3eb-f5c80fd16d25','d34c33d8-b778-457d-b6f3-2030de75db08','Javonte Heaney Jr.','Nemo alias non aut sint. Accusantium quia aut quaerat vel.',5,'2019-03-09 19:13:27','2019-03-09 19:13:27'),('9387bec0-2c71-459c-8fc6-31394d0196e3','344ee10a-fc79-4427-b16d-894db7f04470','Maryam Fay','Et sapiente laudantium laborum et. Ut iure voluptas molestiae sint qui laboriosam et. Voluptates est qui ipsa itaque qui molestiae dolorem.',0,'2019-03-09 19:13:27','2019-03-09 19:13:27'),('245e24cf-4047-413d-bfa7-ce93888609b4','bb8d2d28-04bb-4853-b516-a4ab0f99eff8','Sheridan Homenick III','Voluptate dignissimos consequuntur nihil vel. Aut ab aut numquam non quia ducimus nobis. Voluptas aliquid voluptatem vel corporis.',0,'2019-03-09 19:13:27','2019-03-09 19:13:27'),('c1c26a86-fb58-43a0-a38a-0e6ab4d729df','41458fda-d2b1-42d8-883b-604dee20f3a6','Thad Boyle','Rem a provident enim voluptas repellendus et a. Et sint dolore rem culpa praesentium nesciunt eaque. Quos officiis corrupti ipsum exercitationem nam. Et dolorum ab animi odit quia consequatur pariatur. Labore culpa laudantium quaerat cumque qui amet.',4,'2019-03-09 19:13:27','2019-03-09 19:13:27'),('ca3d280f-a690-4c7c-b2ef-f6a64af37877','fd136566-fb8d-424a-acc2-0146174cd210','Dr. Maximus Eichmann','Laudantium fugit dolores et aut exercitationem. Voluptatem enim nostrum officiis id.',5,'2019-03-09 19:13:27','2019-03-09 19:13:27'),('b4f8b49e-b4d6-43b1-a923-2d56f9989ea0','34bcceac-1081-4708-99a3-8638ca3ddd92','Mr. Verner Casper','Sit tenetur reiciendis quaerat maxime. Quia deleniti voluptatem recusandae consequatur. Voluptates quia molestiae voluptatem qui voluptatum repellendus. Provident repellat iure dignissimos.',2,'2019-03-09 19:13:27','2019-03-09 19:13:27'),('a324d8ce-fd0a-4a8c-9e16-5df1c01b7313','39b39385-1379-4175-bb81-2202962a9ff9','Jessika Nader','Rerum odit porro rerum. Veniam qui aut ut totam magnam iusto. Ut ut non pariatur impedit voluptate.',4,'2019-03-09 19:13:27','2019-03-09 19:13:27');
/*!40000 ALTER TABLE `reviews` ENABLE KEYS */;
UNLOCK TABLES;

--
-- Table structure for table `users`
--

DROP TABLE IF EXISTS `users`;
/*!40101 SET @saved_cs_client     = @@character_set_client */;
/*!40101 SET character_set_client = utf8 */;
CREATE TABLE `users` (
  `id` bigint(20) unsigned NOT NULL AUTO_INCREMENT,
  `name` varchar(255) COLLATE utf8mb4_unicode_ci NOT NULL,
  `email` varchar(255) COLLATE utf8mb4_unicode_ci NOT NULL,
  `email_verified_at` timestamp NULL DEFAULT NULL,
  `password` varchar(255) COLLATE utf8mb4_unicode_ci NOT NULL,
  `remember_token` varchar(100) COLLATE utf8mb4_unicode_ci DEFAULT NULL,
  `created_at` timestamp NULL DEFAULT NULL,
  `updated_at` timestamp NULL DEFAULT NULL,
  PRIMARY KEY (`id`),
  UNIQUE KEY `users_email_unique` (`email`)
) ENGINE=InnoDB DEFAULT CHARSET=utf8mb4 COLLATE=utf8mb4_unicode_ci;
/*!40101 SET character_set_client = @saved_cs_client */;

--
-- Dumping data for table `users`
--

LOCK TABLES `users` WRITE;
/*!40000 ALTER TABLE `users` DISABLE KEYS */;
/*!40000 ALTER TABLE `users` ENABLE KEYS */;
UNLOCK TABLES;
/*!40103 SET TIME_ZONE=@OLD_TIME_ZONE */;

/*!40101 SET SQL_MODE=@OLD_SQL_MODE */;
/*!40014 SET FOREIGN_KEY_CHECKS=@OLD_FOREIGN_KEY_CHECKS */;
/*!40014 SET UNIQUE_CHECKS=@OLD_UNIQUE_CHECKS */;
/*!40101 SET CHARACTER_SET_CLIENT=@OLD_CHARACTER_SET_CLIENT */;
/*!40101 SET CHARACTER_SET_RESULTS=@OLD_CHARACTER_SET_RESULTS */;
/*!40101 SET COLLATION_CONNECTION=@OLD_COLLATION_CONNECTION */;
/*!40111 SET SQL_NOTES=@OLD_SQL_NOTES */;

-- Dump completed on 2019-03-09 20:06:07
